Global_ID,Cases,Cases_ID,Angle,Vertical_Steps_Section,Horizontal_Steps_Plan,Balcony_Steps,PV_Canopy_Steps,Vertical_Louvre_Steps,sDA,ASE,UDI_Middle,UDI_Low,UDI_High,Winter_Average_Radation_kWh/m2,Summer_Average_Radation_kWh/m2,Area_Active_Solar_Potential,PercArea_Active_Solar_Potential,Area_PV_Potential,PercArea_PV_Potential,Glass_Area,Opaque_Area,Surface_Area,Floor_Area,S/F_RATIO,Canopy_Area,Handrail_Area,Louvers_Area,
Case_001,Back,Back_001,0,-1.2,0,0,0,0,89.51,58.33,51.58,9.48,38.94,838.63,39.41,0,0,9.72,100,43.74,29.16,72.9,116.64,0.63,0,0,0,
Case_002,Back,Back_002,0,-1.2,0,0,0,0.6,81.17,56.48,55.35,10.27,34.38,679.58,30.09,15.66,56.86,11.88,43.14,43.74,29.16,72.9,116.64,0.63,0,0,17.82,
Case_003,Back,Back_003,0,-1.2,0,0,0,1.2,69.44,50.93,59.24,11.29,29.47,530.18,22.64,31.71,69.91,11.54,25.45,43.74,29.16,72.9,116.64,0.63,0,0,35.64,
Case_004,Back,Back_004,0,-1.2,0,0,0.6,0,88.27,58.33,52.24,9.55,38.21,739.46,31.28,9.72,50,9.72,50,43.74,29.16,72.9,116.64,0.63,9.72,0,0,
Case_005,Back,Back_005,0,-1.2,0,0,0.6,0.6,77.47,56.48,55.99,10.38,33.63,602.87,24.24,24.3,65.22,9.72,26.09,43.74,29.16,72.9,116.64,0.63,9.72,0,17.82,
Case_006,Back,Back_006,0,-1.2,0,0,0.6,1.2,69.14,50.93,59.99,11.45,28.57,455.81,16.98,39.46,71.64,10.99,19.96,43.74,29.16,72.9,116.64,0.63,9.72,0,35.64,
Case_007,Back,Back_007,0,-1.2,0,0,1.2,0,85.19,58.33,54.28,9.7,36.01,631.82,24.13,0,0,19.44,66.67,43.74,29.16,72.9,116.64,0.63,19.44,0,0,
Case_008,Back,Back_008,0,-1.2,0,0,1.2,0.6,73.77,56.48,58.59,10.71,30.71,527.24,20.23,10.21,21.72,19.44,41.38,43.74,29.16,72.9,116.64,0.63,19.44,0,17.82,
Case_009,Back,Back_009,0,-1.2,0,0,1.2,1.2,66.36,49.07,63.2,11.91,24.88,394.01,14.15,18.4,28.39,19.44,30,43.74,29.16,72.9,116.64,0.63,19.44,0,35.64,
Case_010,Back,Back_010,0,-1.2,0,0.6,0,0,80.56,58.33,52.04,9.68,38.28,642.47,30.15,0,0,24.3,100,43.74,29.16,72.9,116.64,0.63,0,14.58,0,
Case_011,Back,Back_011,0,-1.2,0,0.6,0,0.6,73.15,56.48,55.51,10.57,33.92,527.13,23.84,10.67,25.34,26.1,61.97,43.74,29.16,72.9,116.64,0.63,0,14.58,17.82,
Case_012,Back,Back_012,0,-1.2,0,0.6,0,1.2,66.36,50.93,59.26,11.72,29.02,420.44,18.71,28.75,47.96,25.94,43.28,43.74,29.16,72.9,116.64,0.63,0,14.58,35.64,
Case_013,Back,Back_013,0,-1.2,0,0.6,0.6,0,80.25,58.33,52.3,9.76,37.94,548.37,22.39,9.72,28.57,24.3,71.43,43.74,29.16,72.9,116.64,0.63,9.72,14.58,0,
Case_014,Back,Back_014,0,-1.2,0,0.6,0.6,0.6,72.22,56.48,56.03,10.6,33.37,452.44,18.15,18.95,36.56,24.3,46.88,43.74,29.16,72.9,116.64,0.63,9.72,14.58,17.82,
Case_015,Back,Back_015,0,-1.2,0,0.6,0.6,1.2,66.67,50.93,60,11.7,28.31,347.51,13.15,36.46,52.34,25.75,36.97,43.74,29.16,72.9,116.64,0.63,9.72,14.58,35.64,
Case_016,Back,Back_016,0,-1.2,0,0.6,1.2,0,79.01,58.33,54.3,9.92,35.78,446.89,16.13,0,0,34.02,77.78,43.74,29.16,72.9,116.64,0.63,19.44,14.58,0,
Case_017,Back,Back_017,0,-1.2,0,0.6,1.2,0.6,70.68,56.48,58.74,10.84,30.42,378.12,14.24,4.86,7.89,34.02,55.26,43.74,29.16,72.9,116.64,0.63,19.44,14.58,17.82,
Case_018,Back,Back_018,0,-1.2,0,0.6,1.2,1.2,64.81,49.07,63.35,12.13,24.52,286.92,10.4,17.43,21.96,34.02,42.86,43.74,29.16,72.9,116.64,0.63,19.44,14.58,35.64,
Case_019,Back,Back_019,0,-1.2,0,1.2,0,0,78.4,58.33,52.42,9.84,37.74,599.3,27.12,0,0,24.3,100,43.74,29.16,72.9,116.64,0.63,0,14.58,0,
Case_020,Back,Back_020,0,-1.2,0,1.2,0,0.6,70.06,56.48,55.95,10.7,33.35,487.78,21.19,16.36,38.85,24.3,57.69,43.74,29.16,72.9,116.64,0.63,0,14.58,17.82,
Case_021,Back,Back_021,0,-1.2,0,1.2,0,1.2,66.05,50.93,59.45,11.88,28.68,387.41,16.51,23.86,39.8,25.58,42.68,43.74,29.16,72.9,116.64,0.63,0,14.58,35.64,
Case_022,Back,Back_022,0,-1.2,0,1.2,0.6,0,78.4,58.33,52.72,9.79,37.48,509.45,19.85,9.72,28.57,24.3,71.43,43.74,29.16,72.9,116.64,0.63,9.72,14.58,0,
Case_023,Back,Back_023,0,-1.2,0,1.2,0.6,0.6,70.06,56.48,56.27,10.75,32.98,414.96,15.69,22.84,44.06,24.3,46.88,43.74,29.16,72.9,116.64,0.63,9.72,14.58,17.82,
Case_024,Back,Back_024,0,-1.2,0,1.2,0.6,1.2,66.05,50.93,60.07,11.89,28.03,315.44,11,31.21,44.8,25.75,36.97,43.74,29.16,72.9,116.64,0.63,9.72,14.58,35.64,
Case_025,Back,Back_025,0,-1.2,0,1.2,1.2,0,77.47,58.33,54.5,9.99,35.51,410.8,13.86,0,0,34.02,77.78,43.74,29.16,72.9,116.64,0.63,19.44,14.58,0,
Case_026,Back,Back_026,0,-1.2,0,1.2,1.2,0.6,70.06,56.48,58.66,10.88,30.47,343.19,12.04,8.75,14.21,34.02,55.26,43.74,29.16,72.9,116.64,0.63,19.44,14.58,17.82,
Case_027,Back,Back_027,0,-1.2,0,1.2,1.2,1.2,64.2,49.07,63.04,12.24,24.72,255.83,8.32,10.97,13.82,34.02,42.86,43.74,29.16,72.9,116.64,0.63,19.44,14.58,35.64,
Case_028,Back,Back_028,0,-1.2,0,1.8,0,0,74.38,58.33,53.04,9.89,37.06,563.23,23.93,9.72,40,14.58,60,43.74,29.16,72.9,116.64,0.63,0,14.58,0,
Case_029,Back,Back_029,0,-1.2,0,1.8,0,0.6,69.44,56.48,56.56,10.77,32.67,470.03,19.84,22.84,54.23,14.58,34.62,43.74,29.16,72.9,116.64,0.63,0,14.58,17.82,
Case_030,Back,Back_030,0,-1.2,0,1.8,0,1.2,64.2,50.93,60.22,12.05,27.72,371.58,15.29,36.22,60.43,15.12,25.23,43.74,29.16,72.9,116.64,0.63,0,14.58,35.64,
Case_031,Back,Back_031,0,-1.2,0,1.8,0.6,0,75.62,58.33,54.73,9.99,35.28,466.79,18.13,0,0,24.3,71.43,43.74,29.16,72.9,116.64,0.63,9.72,14.58,0,
Case_032,Back,Back_032,0,-1.2,0,1.8,0.6,0.6,68.21,56.48,58.93,10.97,30.1,399.49,16.34,8.75,16.88,24.3,46.88,43.74,29.16,72.9,116.64,0.63,9.72,14.58,17.82,
Case_033,Back,Back_033,0,-1.2,0,1.8,0.6,1.2,62.96,49.07,63.35,12.33,24.32,312.45,12.66,13.86,19.9,24.3,34.88,43.74,29.16,72.9,116.64,0.63,9.72,14.58,35.64,
Case_034,Back,Back_034,0,-1.2,0,1.8,1.2,0,73.77,54.63,58.22,10.37,31.41,390.11,13.12,0,0,34.02,77.78,43.74,29.16,72.9,116.64,0.63,19.44,14.58,0,
Case_035,Back,Back_035,0,-1.2,0,1.8,1.2,0.6,66.98,47.22,62.74,11.42,25.84,338,11.98,0,0,34.02,55.26,43.74,29.16,72.9,116.64,0.63,19.44,14.58,17.82,
Case_036,Back,Back_036,0,-1.2,0,1.8,1.2,1.2,59.26,41.67,67.28,12.95,19.78,271.19,10,9.44,11.89,34.02,42.86,43.74,29.16,72.9,116.64,0.63,19.44,14.58,35.64,
Case_037,Back,Back_037,0,-1.2,0,2.4,0,0,74.07,58.33,55.15,10.08,34.77,483.36,18.01,0,0,14.58,60,43.74,29.16,72.9,116.64,0.63,0,14.58,0,
Case_038,Back,Back_038,0,-1.2,0,2.4,0,0.6,67.28,56.48,59.01,11.1,29.88,416.81,16.34,8.75,20.77,14.58,34.62,43.74,29.16,72.9,116.64,0.63,0,14.58,17.82,
Case_039,Back,Back_039,0,-1.2,0,2.4,0,1.2,62.04,49.07,63.56,12.45,23.98,330.77,12.69,13.86,23.12,14.58,24.32,43.74,29.16,72.9,116.64,0.63,0,14.58,35.64,
Case_040,Back,Back_040,0,-1.2,0,2.4,0.6,0,71.3,54.63,58.65,10.51,30.84,407.52,13.1,0,0,24.3,71.43,43.74,29.16,72.9,116.64,0.63,9.72,14.58,0,
Case_041,Back,Back_041,0,-1.2,0,2.4,0.6,0.6,66.36,47.22,62.81,11.53,25.66,356.04,12.05,0,0,24.3,46.88,43.74,29.16,72.9,116.64,0.63,9.72,14.58,17.82,
Case_042,Back,Back_042,0,-1.2,0,2.4,0.6,1.2,58.02,41.67,67.41,13.03,19.56,289.71,10.08,9.44,13.55,24.3,34.88,43.74,29.16,72.9,116.64,0.63,9.72,14.58,35.64,
Case_043,Back,Back_043,0,-1.2,0,2.4,1.2,0,66.67,48.15,62.26,11.29,26.45,332.98,7.93,0,0,34.02,77.78,43.74,29.16,72.9,116.64,0.63,19.44,14.58,0,
Case_044,Back,Back_044,0,-1.2,0,2.4,1.2,0.6,59.88,41.67,66.51,12.46,21.03,291.36,7.01,0,0,34.02,55.26,43.74,29.16,72.9,116.64,0.63,19.44,14.58,17.82,
Case_045,Back,Back_045,0,-1.2,0,2.4,1.2,1.2,51.23,34.26,70.79,14.15,15.06,241.2,6.14,0,0,34.02,42.86,43.74,29.16,72.9,116.64,0.63,19.44,14.58,35.64,
Case_046,Back,Back_046,0,-1.2,0.6,0,0,0,86.32,53.723333,53.66,10.18,36.15,682.79,34.47,1.22,4.41,26.32,95.59,43.74,46.98,90.72,116.64,0.78,0,0,0,
Case_047,Back,Back_047,0,-1.2,0.6,0,0,0.6,75.82,50.223333,57.4,11.32,31.28,547.9,26.02,16.04,35.36,29.32,64.64,43.74,46.98,90.72,116.64,0.78,0,0,17.82,
Case_048,Back,Back_048,0,-1.2,0.6,0,0,1.2,66.63,43.786667,60.28,12.62,27.09,434.71,19.12,31.44,49.76,30.12,47.67,43.74,46.98,90.72,116.64,0.78,0,0,35.64,
Case_049,Back,Back_049,0,-1.2,0.6,0,0.6,0,82.84,53.723333,54.39,10.39,35.23,602.74,27.72,15.79,42.39,18.23,48.91,43.74,46.98,90.72,116.64,0.78,9.72,0,0,
Case_050,Back,Back_050,0,-1.2,0.6,0,0.6,0.6,73.86,50.223333,57.98,11.48,30.54,478.12,20.13,25.92,47.06,25.92,47.06,43.74,46.98,90.72,116.64,0.78,9.72,0,17.82,
Case_051,Back,Back_051,0,-1.2,0.6,0,0.6,1.2,63.81,43.786667,61.11,12.83,26.06,371.67,14.06,37.56,51.53,28.45,39.03,43.74,46.98,90.72,116.64,0.78,9.72,0,35.64,
Case_052,Back,Back_052,0,-1.2,0.6,0,1.2,0,81.99,53.2,56.46,10.67,32.87,519.15,22.28,14.58,31.03,19.44,41.38,43.74,46.98,90.72,116.64,0.78,19.44,0,0,
Case_053,Back,Back_053,0,-1.2,0.6,0,1.2,0.6,71.29,49.183333,60.67,11.72,27.61,414.92,16.54,20.17,31.13,24.79,38.25,43.74,46.98,90.72,116.64,0.78,19.44,0,17.82,
Case_054,Back,Back_054,0,-1.2,0.6,0,1.2,1.2,62.8,40.85,64.38,13.44,22.18,312.83,10.98,18.5,22.4,34.76,42.08,43.74,46.98,90.72,116.64,0.78,19.44,0,35.64,
Case_055,Back,Back_055,0,-1.2,0.6,0.6,0,0,79.28,53.723333,53.77,10.56,35.67,524.82,26.92,1.22,2.88,37.26,88.46,43.74,46.98,90.72,116.64,0.78,0,14.58,0,
Case_056,Back,Back_056,0,-1.2,0.6,0.6,0,0.6,71.21,50.223333,57.38,11.66,30.96,433.27,21.52,12.39,20.68,43.9,73.24,43.74,46.98,90.72,116.64,0.78,0,14.58,17.82,
Case_057,Back,Back_057,0,-1.2,0.6,0.6,0,1.2,64,43.786667,60.02,13.18,26.8,348.96,16.14,30.18,38.82,43.93,56.5,43.74,46.98,90.72,116.64,0.78,0,14.58,35.64,
Case_058,Back,Back_058,0,-1.2,0.6,0.6,0.6,0,79.11,53.723333,54.34,10.58,35.07,449.71,20.56,16.24,31.34,28.71,55.38,43.74,46.98,90.72,116.64,0.78,9.72,14.58,0,
Case_059,Back,Back_059,0,-1.2,0.6,0.6,0.6,0.6,70.25,50.223333,58,11.73,30.27,365.43,15.76,22.27,31.98,40.5,58.14,43.74,46.98,90.72,116.64,0.78,9.72,14.58,17.82,
Case_060,Back,Back_060,0,-1.2,0.6,0.6,0.6,1.2,62.48,43.786667,60.85,13.31,25.84,287.08,11.12,35.94,41.09,43.03,49.19,43.74,46.98,90.72,116.64,0.78,9.72,14.58,35.64,
Case_061,Back,Back_061,0,-1.2,0.6,0.6,1.2,0,76.7,53.2,56.36,10.9,32.74,371.13,15.85,10.94,17.76,34.02,55.26,43.74,46.98,90.72,116.64,0.78,19.44,14.58,0,
Case_062,Back,Back_062,0,-1.2,0.6,0.6,1.2,0.6,69.66,49.183333,60.72,12.1,27.18,304.5,12.42,16.52,20.82,39.37,49.59,43.74,46.98,90.72,116.64,0.78,19.44,14.58,17.82,
Case_063,Back,Back_063,0,-1.2,0.6,0.6,1.2,1.2,61.2,40.85,64.21,13.76,22.03,228.92,8.08,19.85,20.42,48,49.38,43.74,46.98,90.72,116.64,0.78,19.44,14.58,35.64,
Case_064,Back,Back_064,0,-1.2,0.6,1.2,0,0,77.24,53.723333,54.14,10.7,35.17,495.48,24.46,6.08,14.42,36.04,85.58,43.74,46.98,90.72,116.64,0.78,0,14.58,0,
Case_065,Back,Back_065,0,-1.2,0.6,1.2,0,0.6,69.65,50.223333,57.53,11.9,30.57,402,18.73,14.34,23.92,39.53,65.95,43.74,46.98,90.72,116.64,0.78,0,14.58,17.82,
Case_066,Back,Back_066,0,-1.2,0.6,1.2,0,1.2,61.82,43.786667,60.09,13.4,26.51,331.38,14.86,26.17,33.65,43.93,56.5,43.74,46.98,90.72,116.64,0.78,0,14.58,35.64,
Case_067,Back,Back_067,0,-1.2,0.6,1.2,0.6,0,77.37,53.723333,54.63,10.73,34.63,428.17,18.97,21.87,42.19,26.73,51.56,43.74,46.98,90.72,116.64,0.78,9.72,14.58,0,
Case_068,Back,Back_068,0,-1.2,0.6,1.2,0.6,0.6,68.71,50.223333,58.09,11.82,30.09,340.08,13.69,24.06,34.53,36.29,52.09,43.74,46.98,90.72,116.64,0.78,9.72,14.58,17.82,
Case_069,Back,Back_069,0,-1.2,0.6,1.2,0.6,1.2,61.51,43.786667,60.93,13.47,25.6,270.39,9.94,30.4,34.75,43.03,49.19,43.74,46.98,90.72,116.64,0.78,9.72,14.58,35.64,
Case_070,Back,Back_070,0,-1.2,0.6,1.2,1.2,0,75.9,53.2,56.63,10.93,32.44,350.11,13.98,14.58,23.68,34.02,55.26,43.74,46.98,90.72,116.64,0.78,19.44,14.58,0,
Case_071,Back,Back_071,0,-1.2,0.6,1.2,1.2,0.6,67.83,49.183333,60.57,12.23,27.2,279.3,10.36,15.07,18.98,38.39,48.37,43.74,46.98,90.72,116.64,0.78,19.44,14.58,17.82,
Case_072,Back,Back_072,0,-1.2,0.6,1.2,1.2,1.2,60.76,40.85,64.26,13.79,21.95,212.68,6.93,16.11,16.57,48.94,50.35,43.74,46.98,90.72,116.64,0.78,19.44,14.58,35.64,
Case_073,Back,Back_073,0,-1.2,0.6,1.8,0,0,74.94,53.723333,54.96,10.82,34.21,468.08,21.98,24.3,57.69,14.58,34.62,43.74,46.98,90.72,116.64,0.78,0,14.58,0,
Case_074,Back,Back_074,0,-1.2,0.6,1.8,0,0.6,67.42,50.223333,58.45,12.04,29.51,381.93,16.96,28.55,47.63,25.27,42.16,43.74,46.98,90.72,116.64,0.78,0,14.58,17.82,
Case_075,Back,Back_075,0,-1.2,0.6,1.8,0,1.2,59.94,43.786667,61.19,13.64,25.16,309.22,12.71,31.6,40.63,26.23,33.73,43.74,46.98,90.72,116.64,0.78,0,14.58,35.64,
Case_076,Back,Back_076,0,-1.2,0.6,1.8,0.6,0,73.45,53.2,56.75,11.07,32.18,396.25,17.34,14.18,27.34,24.3,46.88,43.74,46.98,90.72,116.64,0.78,9.72,14.58,0,
Case_077,Back,Back_077,0,-1.2,0.6,1.8,0.6,0.6,66.54,49.183333,60.8,12.24,26.96,326.54,13.79,24.06,34.53,25.76,36.98,43.74,46.98,90.72,116.64,0.78,9.72,14.58,17.82,
Case_078,Back,Back_078,0,-1.2,0.6,1.8,0.6,1.2,59.65,40.85,64.34,14.01,21.65,256.5,9.86,17.92,20.49,33.08,37.82,43.74,46.98,90.72,116.64,0.78,9.72,14.58,35.64,
Case_079,Back,Back_079,0,-1.2,0.6,1.8,1.2,0,74.08,47.833333,60.03,11.45,28.52,330.49,12.28,10.94,17.76,34.02,55.26,43.74,46.98,90.72,116.64,0.78,19.44,14.58,0,
Case_080,Back,Back_080,0,-1.2,0.6,1.8,1.2,0.6,63.35,42.166667,64,12.81,23.19,279.05,10.37,16.77,21.12,34.02,42.86,43.74,46.98,90.72,116.64,0.78,19.44,14.58,17.82,
Case_081,Back,Back_081,0,-1.2,0.6,1.8,1.2,1.2,53.97,35.95,67.88,14.58,17.54,221.14,7.52,15.07,15.5,36.94,38,43.74,46.98,90.72,116.64,0.78,19.44,14.58,35.64,
Case_082,Back,Back_082,0,-1.2,0.6,2.4,0,0,72.69,53.2,57.09,11.17,31.74,406.81,17.08,12.96,30.77,14.58,34.62,43.74,46.98,90.72,116.64,0.78,0,14.58,0,
Case_083,Back,Back_083,0,-1.2,0.6,2.4,0,0.6,64.9,49.183333,61.01,12.47,26.53,339.6,13.58,24.06,40.14,16.04,26.76,43.74,46.98,90.72,116.64,0.78,0,14.58,17.82,
Case_084,Back,Back_084,0,-1.2,0.6,2.4,0,1.2,57.81,40.85,64.42,14.3,21.29,270.39,9.76,23.95,30.8,23.16,29.78,43.74,46.98,90.72,116.64,0.78,0,14.58,35.64,
Case_085,Back,Back_085,0,-1.2,0.6,2.4,0.6,0,70.33,47.833333,60.18,11.54,28.28,346.01,12.29,10.94,21.09,24.3,46.88,43.74,46.98,90.72,116.64,0.78,9.72,14.58,0,
Case_086,Back,Back_086,0,-1.2,0.6,2.4,0.6,0.6,61.07,42.166667,64.32,12.91,22.77,294.19,10.38,16.77,24.07,24.3,34.88,43.74,46.98,90.72,116.64,0.78,9.72,14.58,17.82,
Case_087,Back,Back_087,0,-1.2,0.6,2.4,0.6,1.2,54.14,35.95,67.75,14.8,17.46,236.83,7.62,20.9,23.89,27.22,31.11,43.74,46.98,90.72,116.64,0.78,9.72,14.58,35.64,
Case_088,Back,Back_088,0,-1.2,0.6,2.4,1.2,0,64.86,41.613333,63.4,12.33,24.27,285.16,8.13,4.86,7.89,34.02,55.26,43.74,46.98,90.72,116.64,0.78,19.44,14.58,0,
Case_089,Back,Back_089,0,-1.2,0.6,2.4,1.2,0.6,56.2,37.833333,67.55,13.98,18.48,245.16,6.9,8.75,11.02,34.02,42.86,43.74,46.98,90.72,116.64,0.78,19.44,14.58,17.82,
Case_090,Back,Back_090,0,-1.2,0.6,2.4,1.2,1.2,48.8,29.746667,70.19,16.17,13.64,200.56,5.31,18.44,18.97,34.02,35,43.74,46.98,90.72,116.64,0.78,19.44,14.58,35.64,
Case_091,Back,Back_091,0,-1.2,1.2,0,0,0,84.52,51.26,53.17,10.79,36.04,587.83,32.77,1.22,2.68,44.14,97.32,43.74,64.8,108.54,116.64,0.93,0,0,0,
Case_092,Back,Back_092,0,-1.2,1.2,0,0,0.6,78.34,47.916667,56.99,11.97,31.04,486.7,25.03,14.58,23.08,48.6,76.92,43.74,64.8,108.54,116.64,0.93,0,0,17.82,
Case_093,Back,Back_093,0,-1.2,1.2,0,0,1.2,67.03,43.276667,59.94,13.49,26.57,391.28,18.56,32,39.5,47.79,59,43.74,64.8,108.54,116.64,0.93,0,0,35.64,
Case_094,Back,Back_094,0,-1.2,1.2,0,0.6,0,83.62,50.953333,54.15,10.87,34.99,524.99,27.44,14.58,26.47,37.26,67.65,43.74,64.8,108.54,116.64,0.93,9.72,0,0,
Case_095,Back,Back_095,0,-1.2,1.2,0,0.6,0.6,76.56,47.916667,58.03,12.24,29.73,432.09,20.54,27.54,37.78,42.12,57.78,43.74,64.8,108.54,116.64,0.93,9.72,0,17.82,
Case_096,Back,Back_096,0,-1.2,1.2,0,0.6,1.2,66.32,42.71,60.76,14.07,25.17,343.68,14.64,33.45,36.88,47.14,51.96,43.74,64.8,108.54,116.64,0.93,9.72,0,35.64,
Case_097,Back,Back_097,0,-1.2,1.2,0,1.2,0,80.81,49.873333,56.62,11.36,32.02,458.33,22.84,18.22,28.12,36.86,56.88,43.74,64.8,108.54,116.64,0.93,19.44,0,0,
Case_098,Back,Back_098,0,-1.2,1.2,0,1.2,0.6,74.23,44.93,60.92,12.75,26.33,372.45,16.51,17.82,21.57,44.96,54.41,43.74,64.8,108.54,116.64,0.93,19.44,0,17.82,
Case_099,Back,Back_099,0,-1.2,1.2,0,1.2,1.2,62.21,39.163333,64.55,14.46,20.99,290.53,11,17.17,17.1,52.49,52.26,43.74,64.8,108.54,116.64,0.93,19.44,0,35.64,
Case_100,Back,Back_100,0,-1.2,1.2,0.6,0,0,79.61,51.26,53.43,11.23,35.34,464.13,26.79,0.81,1.35,55.48,92.57,43.74,64.8,108.54,116.64,0.93,0,14.58,0,
Case_101,Back,Back_101,0,-1.2,1.2,0.6,0,0.6,72.37,47.916667,56.95,12.53,30.52,399.59,21.57,10.94,14.06,63.18,81.25,43.74,64.8,108.54,116.64,0.93,0,14.58,17.82,
Case_102,Back,Back_102,0,-1.2,1.2,0.6,0,1.2,64.4,43.276667,59.66,14.15,26.19,324.48,16.25,30.05,31.44,61.88,64.75,43.74,64.8,108.54,116.64,0.93,0,14.58,35.64,
Case_103,Back,Back_103,0,-1.2,1.2,0.6,0.6,0,79.71,50.953333,54.14,11.32,34.54,408.31,22.09,14.58,20.93,48.2,69.19,43.74,64.8,108.54,116.64,0.93,9.72,14.58,0,
Case_104,Back,Back_104,0,-1.2,1.2,0.6,0.6,0.6,73.2,47.916667,57.92,12.69,29.39,345.97,17.16,24.3,27.78,56.3,64.35,43.74,64.8,108.54,116.64,0.93,9.72,14.58,17.82,
Case_105,Back,Back_105,0,-1.2,1.2,0.6,0.6,1.2,61.89,42.71,60.56,14.4,25.05,277.67,12.32,33.63,31.94,59.56,56.56,43.74,64.8,108.54,116.64,0.93,9.72,14.58,35.64,
Case_106,Back,Back_106,0,-1.2,1.2,0.6,1.2,0,78.82,49.873333,56.8,11.58,31.62,345,17.88,21.06,26.53,44.96,56.63,43.74,64.8,108.54,116.64,0.93,19.44,14.58,0,
Case_107,Back,Back_107,0,-1.2,1.2,0.6,1.2,0.6,71.87,44.93,61.14,13.07,25.8,286.99,13.34,14.58,15,59.13,60.83,43.74,64.8,108.54,116.64,0.93,19.44,14.58,17.82,
Case_108,Back,Back_108,0,-1.2,1.2,0.6,1.2,1.2,60.64,39.163333,64.38,14.92,20.7,225.06,8.79,18.2,15.82,66.04,57.42,43.74,64.8,108.54,116.64,0.93,19.44,14.58,35.64,
Case_109,Back,Back_109,0,-1.2,1.2,1.2,0,0,78.07,51.26,53.85,11.41,34.75,429.68,24.38,4.86,8.11,51.43,85.81,43.74,64.8,108.54,116.64,0.93,0,14.58,0,
Case_110,Back,Back_110,0,-1.2,1.2,1.2,0,0.6,72.23,47.61,57.29,12.8,29.91,363.9,19.39,13.64,17.53,56.83,73.09,43.74,64.8,108.54,116.64,0.93,0,14.58,17.82,
Case_111,Back,Back_111,0,-1.2,1.2,1.2,0,1.2,61.73,43.276667,59.53,14.57,25.9,303.9,15.04,23.57,24.66,61.88,64.75,43.74,64.8,108.54,116.64,0.93,0,14.58,35.64,
Case_112,Back,Back_112,0,-1.2,1.2,1.2,0.6,0,78.57,50.953333,54.42,11.4,34.18,379.76,20.01,18.49,26.55,42.12,60.47,43.74,64.8,108.54,116.64,0.93,9.72,14.58,0,
Case_113,Back,Back_113,0,-1.2,1.2,1.2,0.6,0.6,71.29,47.61,57.92,12.76,29.32,316.41,15.32,22.52,25.74,51.19,58.52,43.74,64.8,108.54,116.64,0.93,9.72,14.58,17.82,
Case_114,Back,Back_114,0,-1.2,1.2,1.2,0.6,1.2,60.96,42.71,60.56,14.74,24.7,257.94,11.17,26.16,24.85,61.72,58.62,43.74,64.8,108.54,116.64,0.93,9.72,14.58,35.64,
Case_115,Back,Back_115,0,-1.2,1.2,1.2,1.2,0,78.02,49.873333,56.78,11.67,31.55,321.36,16.02,21.06,26.53,44.96,56.63,43.74,64.8,108.54,116.64,0.93,19.44,14.58,0,
Case_116,Back,Back_116,0,-1.2,1.2,1.2,1.2,0.6,68.75,44.93,61.03,13.19,25.79,262.89,11.64,16.04,16.5,54.03,55.58,43.74,64.8,108.54,116.64,0.93,19.44,14.58,17.82,
Case_117,Back,Back_117,0,-1.2,1.2,1.2,1.2,1.2,60.49,39.163333,64.25,15.15,20.6,205.25,7.67,13.53,11.76,67.07,58.31,43.74,64.8,108.54,116.64,0.93,19.44,14.58,35.64,
Case_118,Back,Back_118,0,-1.2,1.2,1.8,0,0,77.68,50.953333,54.78,11.52,33.69,414.51,22.37,22.27,37.16,31.19,52.03,43.74,64.8,108.54,116.64,0.93,0,14.58,0,
Case_119,Back,Back_119,0,-1.2,1.2,1.8,0,0.6,69.34,47.09,58.37,13.12,28.51,350.31,17.45,31.88,41,37.58,48.33,43.74,64.8,108.54,116.64,0.93,0,14.58,17.82,
Case_120,Back,Back_120,0,-1.2,1.2,1.8,0,1.2,60.1,42.456667,60.84,14.94,24.22,289.05,13.08,21.02,21.99,48.22,50.45,43.74,64.8,108.54,116.64,0.93,0,14.58,35.64,
Case_121,Back,Back_121,0,-1.2,1.2,1.8,0.6,0,78.02,49.873333,57.08,11.69,31.23,360.15,18.5,24.7,35.47,35.24,50.58,43.74,64.8,108.54,116.64,0.93,9.72,14.58,0,
Case_122,Back,Back_122,0,-1.2,1.2,1.8,0.6,0.6,68.07,44.93,61.34,13.28,25.39,300.19,13.94,25.76,29.44,40.42,46.2,43.74,64.8,108.54,116.64,0.93,9.72,14.58,17.82,
Case_123,Back,Back_123,0,-1.2,1.2,1.8,0.6,1.2,59.24,39.163333,64.13,15.46,20.41,240.91,9.86,15.2,14.44,53.22,50.54,43.74,64.8,108.54,116.64,0.93,9.72,14.58,35.64,
Case_124,Back,Back_124,0,-1.2,1.2,1.8,1.2,0,74.73,46.58,60.15,12.25,27.6,310.13,14.66,21.87,27.55,37.67,47.45,43.74,64.8,108.54,116.64,0.93,19.44,14.58,0,
Case_125,Back,Back_125,0,-1.2,1.2,1.8,1.2,0.6,65.97,39.163333,64.47,14.02,21.51,261.76,11.28,31.51,32.42,40.34,41.5,43.74,64.8,108.54,116.64,0.93,19.44,14.58,17.82,
Case_126,Back,Back_126,0,-1.2,1.2,1.8,1.2,1.2,53.33,29.386667,67.7,16.31,15.99,205.81,7.42,18.83,16.37,53.67,46.66,43.74,64.8,108.54,116.64,0.93,19.44,14.58,35.64,
Case_127,Back,Back_127,0,-1.2,1.2,2.4,0,0,74.48,49.873333,57.47,11.97,30.56,368.28,18.22,25.11,41.89,21.87,36.49,43.74,64.8,108.54,116.64,0.93,0,14.58,0,
Case_128,Back,Back_128,0,-1.2,1.2,2.4,0,0.6,66.97,44.93,61.67,13.51,24.82,311.38,13.9,30.86,39.69,27.05,34.79,43.74,64.8,108.54,116.64,0.93,0,14.58,17.82,
Case_129,Back,Back_129,0,-1.2,1.2,2.4,0,1.2,57.25,39.163333,64.69,15.57,19.75,251.75,9.85,24.98,26.14,38.67,40.45,43.74,64.8,108.54,116.64,0.93,0,14.58,35.64,
Case_130,Back,Back_130,0,-1.2,1.2,2.4,0.6,0,74.35,46.58,60.4,12.34,27.26,322.04,14.63,21.87,31.4,27.95,40.12,43.74,64.8,108.54,116.64,0.93,9.72,14.58,0,
Case_131,Back,Back_131,0,-1.2,1.2,2.4,0.6,0.6,63.91,39.163333,64.67,14.2,21.14,274.81,11.33,35.44,40.51,30.62,35,43.74,64.8,108.54,116.64,0.93,9.72,14.58,17.82,
Case_132,Back,Back_132,0,-1.2,1.2,2.4,0.6,1.2,51.95,29.386667,67.79,16.44,15.77,218.2,7.47,28.18,26.77,39.53,37.54,43.74,64.8,108.54,116.64,0.93,9.72,14.58,35.64,
Case_133,Back,Back_133,0,-1.2,1.2,2.4,1.2,0,70.96,41.576667,63.4,13.39,23.21,273.32,11.05,22.28,28.06,34.02,42.86,43.74,64.8,108.54,116.64,0.93,19.44,14.58,0,
Case_134,Back,Back_134,0,-1.2,1.2,2.4,1.2,0.6,58.27,36.743333,67.28,15.34,17.38,235.45,8.68,24.14,24.83,36.61,37.67,43.74,64.8,108.54,116.64,0.93,19.44,14.58,17.82,
Case_135,Back,Back_135,0,-1.2,1.2,2.4,1.2,1.2,45.78,23.316667,69.66,17.98,12.36,189.2,5.72,28.3,24.6,42.23,36.72,43.74,64.8,108.54,116.64,0.93,19.44,14.58,35.64,
Case_136,Back,Back_136,0,-0.6,0,0,0,0,92.28,58.33,51.04,9.36,39.6,865.71,37.24,0,0,9.72,100,43.74,19.44,63.18,116.64,0.54,0,0,0,
Case_137,Back,Back_137,0,-0.6,0,0,0,0.6,83.02,56.48,54.99,10.13,34.88,680.21,26.62,17.82,64.71,9.72,35.29,43.74,19.44,63.18,116.64,0.54,0,0,17.82,
Case_138,Back,Back_138,0,-0.6,0,0,0,1.2,73.46,50.93,59.03,11.24,29.73,512.74,18.74,34.04,75.05,9.72,21.43,43.74,19.44,63.18,116.64,0.54,0,0,35.64,
Case_139,Back,Back_139,0,-0.6,0,0,0.6,0,89.51,58.33,51.78,9.43,38.79,750.05,28.06,9.72,50,9.72,50,43.74,19.44,63.18,116.64,0.54,9.72,0,0,
Case_140,Back,Back_140,0,-0.6,0,0,0.6,0.6,79.94,56.48,55.67,10.3,34.03,591.18,19.85,24.3,65.22,9.72,26.09,43.74,19.44,63.18,116.64,0.54,9.72,0,17.82,
Case_141,Back,Back_141,0,-0.6,0,0,0.6,1.2,70.06,50.93,59.67,11.32,29.01,441.12,13.96,40.74,73.97,9.72,17.65,43.74,19.44,63.18,116.64,0.54,9.72,0,35.64,
Case_142,Back,Back_142,0,-0.6,0,0,1.2,0,87.04,58.33,53.84,9.7,36.46,629.94,20.06,0,0,19.44,66.67,43.74,19.44,63.18,116.64,0.54,19.44,0,0,
Case_143,Back,Back_143,0,-0.6,0,0,1.2,0.6,76.54,56.48,58.22,10.53,31.25,506.17,15.51,10.21,21.72,19.44,41.38,43.74,19.44,63.18,116.64,0.54,19.44,0,17.82,
Case_144,Back,Back_144,0,-0.6,0,0,1.2,1.2,67.59,49.07,62.98,11.76,25.26,369.99,10.7,18.25,28.16,19.44,30,43.74,19.44,63.18,116.64,0.54,19.44,0,35.64,
Case_145,Back,Back_145,0,-0.6,0,0.6,0,0,81.48,58.33,52.03,9.76,38.21,629.79,25.99,0,0,24.3,100,43.74,19.44,63.18,116.64,0.54,0,14.58,0,
Case_146,Back,Back_146,0,-0.6,0,0.6,0,0.6,72.84,56.48,55.47,10.53,34,497.54,18.83,12.47,29.62,24.3,57.69,43.74,19.44,63.18,116.64,0.54,0,14.58,17.82,
Case_147,Back,Back_147,0,-0.6,0,0.6,0,1.2,66.36,50.93,59.31,11.76,28.93,381.52,13.9,30.9,51.55,24.3,40.54,43.74,19.44,63.18,116.64,0.54,0,14.58,35.64,
Case_148,Back,Back_148,0,-0.6,0,0.6,0.6,0,81.48,58.33,52.29,9.74,37.97,526.16,17.55,9.72,28.57,24.3,71.43,43.74,19.44,63.18,116.64,0.54,9.72,14.58,0,
Case_149,Back,Back_149,0,-0.6,0,0.6,0.6,0.6,72.84,56.48,55.83,10.63,33.53,412.51,12.56,18.95,36.56,24.3,46.88,43.74,19.44,63.18,116.64,0.54,9.72,14.58,17.82,
Case_150,Back,Back_150,0,-0.6,0,0.6,0.6,1.2,66.67,50.93,59.65,11.79,28.56,313.36,9.36,38.56,55.35,24.3,34.88,43.74,19.44,63.18,116.64,0.54,9.72,14.58,35.64,
Case_151,Back,Back_151,0,-0.6,0,0.6,1.2,0,80.86,58.33,54.16,9.86,35.98,411.88,10.64,0,0,34.02,77.78,43.74,19.44,63.18,116.64,0.54,19.44,14.58,0,
Case_152,Back,Back_152,0,-0.6,0,0.6,1.2,0.6,71.3,56.48,58.3,10.77,30.92,331.27,8.43,4.86,7.89,34.02,55.26,43.74,19.44,63.18,116.64,0.54,19.44,14.58,17.82,
Case_153,Back,Back_153,0,-0.6,0,0.6,1.2,1.2,65.74,49.07,62.98,11.98,25.04,243.7,6.24,16.26,20.48,34.02,42.86,43.74,19.44,63.18,116.64,0.54,19.44,14.58,35.64,
Case_154,Back,Back_154,0,-0.6,0,1.2,0,0,77.47,58.33,52.73,9.84,37.43,586.61,22.28,9.72,40,14.58,60,43.74,19.44,63.18,116.64,0.54,0,14.58,0,
Case_155,Back,Back_155,0,-0.6,0,1.2,0,0.6,70.99,56.48,56.29,10.77,32.94,475.88,17.43,22.84,54.23,14.58,34.62,43.74,19.44,63.18,116.64,0.54,0,14.58,17.82,
Case_156,Back,Back_156,0,-0.6,0,1.2,0,1.2,64.51,50.93,59.98,11.92,28.09,363.28,12.46,33.73,56.27,14.58,24.32,43.74,19.44,63.18,116.64,0.54,0,14.58,35.64,
Case_157,Back,Back_157,0,-0.6,0,1.2,0.6,0,78.4,58.33,54.36,9.89,35.75,475.95,15.65,0,0,24.3,71.43,43.74,19.44,63.18,116.64,0.54,9.72,14.58,0,
Case_158,Back,Back_158,0,-0.6,0,1.2,0.6,0.6,70.06,56.48,58.57,10.85,30.59,395.96,13.5,8.75,16.88,24.3,46.88,43.74,19.44,63.18,116.64,0.54,9.72,14.58,17.82,
Case_159,Back,Back_159,0,-0.6,0,1.2,0.6,1.2,63.58,49.07,63.1,12.12,24.78,296.01,9.39,11.71,16.81,24.3,34.88,43.74,19.44,63.18,116.64,0.54,9.72,14.58,35.64,
Case_160,Back,Back_160,0,-0.6,0,1.2,1.2,0,76.23,54.63,57.97,10.37,31.66,388.94,10.33,0,0,34.02,77.78,43.74,19.44,63.18,116.64,0.54,19.44,14.58,0,
Case_161,Back,Back_161,0,-0.6,0,1.2,1.2,0.6,69.14,47.22,62.46,11.37,26.17,327.08,8.92,0,0,34.02,55.26,43.74,19.44,63.18,116.64,0.54,19.44,14.58,17.82,
Case_162,Back,Back_162,0,-0.6,0,1.2,1.2,1.2,59.88,41.67,67.1,12.78,20.12,248.77,6.57,6.49,8.18,34.02,42.86,43.74,19.44,63.18,116.64,0.54,19.44,14.58,35.64,
Case_163,Back,Back_163,0,-0.6,0,1.8,0,0,73.77,58.33,54.86,10.05,35.09,503.37,15.46,0,0,14.58,60,43.74,19.44,63.18,116.64,0.54,0,14.58,0,
Case_164,Back,Back_164,0,-0.6,0,1.8,0,0.6,68.83,56.48,59.06,10.94,30,425.58,13.42,8.75,20.77,14.58,34.62,43.74,19.44,63.18,116.64,0.54,0,14.58,17.82,
Case_165,Back,Back_165,0,-0.6,0,1.8,0,1.2,62.04,49.07,63.23,12.33,24.44,325.95,9.47,14.42,24.05,14.58,24.32,43.74,19.44,63.18,116.64,0.54,0,14.58,35.64,
Case_166,Back,Back_166,0,-0.6,0,1.8,0.6,0,75,54.63,58.23,10.36,31.4,418.98,10.29,0,0,24.3,71.43,43.74,19.44,63.18,116.64,0.54,9.72,14.58,0,
Case_167,Back,Back_167,0,-0.6,0,1.8,0.6,0.6,67.59,47.22,62.65,11.39,25.96,358.02,8.97,0,0,24.3,46.88,43.74,19.44,63.18,116.64,0.54,9.72,14.58,17.82,
Case_168,Back,Back_168,0,-0.6,0,1.8,0.6,1.2,59.88,41.67,67.36,12.83,19.82,279.66,6.61,8.6,12.35,24.3,34.88,43.74,19.44,63.18,116.64,0.54,9.72,14.58,35.64,
Case_169,Back,Back_169,0,-0.6,0,1.8,1.2,0,69.75,48.15,61.91,11.14,26.95,340.53,5.91,0,0,34.02,77.78,43.74,19.44,63.18,116.64,0.54,19.44,14.58,0,
Case_170,Back,Back_170,0,-0.6,0,1.8,1.2,0.6,61.11,41.67,66.29,12.38,21.33,292.35,4.78,0,0,34.02,55.26,43.74,19.44,63.18,116.64,0.54,19.44,14.58,17.82,
Case_171,Back,Back_171,0,-0.6,0,1.8,1.2,1.2,53.09,34.26,70.63,13.93,15.44,232.77,3.72,0,0,34.02,42.86,43.74,19.44,63.18,116.64,0.54,19.44,14.58,35.64,
Case_172,Back,Back_172,0,-0.6,0,2.4,0,0,71.91,54.63,58.69,10.54,30.77,425.2,10.07,0,0,14.58,60,43.74,19.44,63.18,116.64,0.54,0,14.58,0,
Case_173,Back,Back_173,0,-0.6,0,2.4,0,0.6,65.74,47.22,63.01,11.62,25.37,363.89,8.8,0,0,14.58,34.62,43.74,19.44,63.18,116.64,0.54,0,14.58,17.82,
Case_174,Back,Back_174,0,-0.6,0,2.4,0,1.2,58.33,41.67,67.37,13.09,19.54,287.26,6.58,9.57,15.97,14.58,24.32,43.74,19.44,63.18,116.64,0.54,0,14.58,35.64,
Case_175,Back,Back_175,0,-0.6,0,2.4,0.6,0,67.59,48.15,62.2,11.29,26.51,347.28,5.75,0,0,24.3,71.43,43.74,19.44,63.18,116.64,0.54,9.72,14.58,0,
Case_176,Back,Back_176,0,-0.6,0,2.4,0.6,0.6,59.26,41.67,66.55,12.56,20.89,298.64,4.67,0,0,24.3,46.88,43.74,19.44,63.18,116.64,0.54,9.72,14.58,17.82,
Case_177,Back,Back_177,0,-0.6,0,2.4,0.6,1.2,53.09,34.26,70.7,14.22,15.08,240.42,3.67,0,0,24.3,34.88,43.74,19.44,63.18,116.64,0.54,9.72,14.58,35.64,
Case_178,Back,Back_178,0,-0.6,0,2.4,1.2,0,61.73,39.81,65.74,12.07,22.19,285.23,5.08,0,0,34.02,77.78,43.74,19.44,63.18,116.64,0.54,19.44,14.58,0,
Case_179,Back,Back_179,0,-0.6,0,2.4,1.2,0.6,54.32,37.04,69.88,13.59,16.52,244.94,4.11,0,0,34.02,55.26,43.74,19.44,63.18,116.64,0.54,19.44,14.58,17.82,
Case_180,Back,Back_180,0,-0.6,0,2.4,1.2,1.2,46.6,28.7,73.18,15.54,11.29,199.64,3.23,0,0,34.02,42.86,43.74,19.44,63.18,116.64,0.54,19.44,14.58,35.64,
Case_181,Back,Back_181,0,-0.6,0.6,0,0,0,87.13,55.53,52.3,10,37.7,685.79,32.37,0,0,27.54,100,43.74,37.26,81,116.64,0.69,0,0,0,
Case_182,Back,Back_182,0,-0.6,0.6,0,0,0.6,78.58,51.666667,56.36,10.99,32.65,533.61,22.66,15.66,34.52,29.7,65.48,43.74,37.26,81,116.64,0.69,0,0,17.82,
Case_183,Back,Back_183,0,-0.6,0.6,0,0,1.2,66.35,45.046667,59.9,12.33,27.77,410.31,16.04,33.79,53.48,29.39,46.52,43.74,37.26,81,116.64,0.69,0,0,35.64,
Case_184,Back,Back_184,0,-0.6,0.6,0,0.6,0,85.16,55.53,53.23,10.1,36.67,597.63,25.08,11.7,31.4,22.32,59.9,43.74,37.26,81,116.64,0.69,9.72,0,0,
Case_185,Back,Back_185,0,-0.6,0.6,0,0.6,0.6,76.56,51.666667,57.16,11.13,31.71,460.55,16.82,25.76,46.76,26.08,47.35,43.74,37.26,81,116.64,0.69,9.72,0,17.82,
Case_186,Back,Back_186,0,-0.6,0.6,0,0.6,1.2,64.36,45.046667,60.66,12.55,26.79,356.07,12.06,34.6,47.46,29.39,40.32,43.74,37.26,81,116.64,0.69,9.72,0,35.64,
Case_187,Back,Back_187,0,-0.6,0.6,0,1.2,0,83.3,55.27,55.3,10.42,34.28,505.85,19.09,14.54,30.94,19.85,42.24,43.74,37.26,81,116.64,0.69,19.44,0,0,
Case_188,Back,Back_188,0,-0.6,0.6,0,1.2,0.6,72.95,50.356667,59.89,11.5,28.61,390.69,12.9,17.25,26.63,27.7,42.75,43.74,37.26,81,116.64,0.69,19.44,0,17.82,
Case_189,Back,Back_189,0,-0.6,0.6,0,1.2,1.2,64.16,42.546667,64,12.97,23.02,294.94,8.72,18.87,22.83,34.58,41.85,43.74,37.26,81,116.64,0.69,19.44,0,35.64,
Case_190,Back,Back_190,0,-0.6,0.6,0.6,0,0,80.09,55.53,53.09,10.41,36.5,502.05,23.18,1.22,2.88,37.26,88.46,43.74,37.26,81,116.64,0.69,0,14.58,0,
Case_191,Back,Back_191,0,-0.6,0.6,0.6,0,0.6,70.67,51.666667,56.76,11.53,31.71,400.51,17.29,11.1,18.51,45.2,75.41,43.74,37.26,81,116.64,0.69,0,14.58,17.82,
Case_192,Back,Back_192,0,-0.6,0.6,0.6,0,1.2,63.73,45.046667,59.77,13.04,27.19,310.34,12.41,28.93,37.2,43.97,56.55,43.74,37.26,81,116.64,0.69,0,14.58,35.64,
Case_193,Back,Back_193,0,-0.6,0.6,0.6,0.6,0,80.26,55.53,53.43,10.42,36.15,426.71,17.07,11.74,22.66,33.21,64.06,43.74,37.26,81,116.64,0.69,9.72,14.58,0,
Case_194,Back,Back_194,0,-0.6,0.6,0.6,0.6,0.6,70,51.666667,57.18,11.64,31.18,330.15,11.68,22.11,31.74,40.66,58.37,43.74,37.26,81,116.64,0.69,9.72,14.58,17.82,
Case_195,Back,Back_195,0,-0.6,0.6,0.6,0.6,1.2,63,45.046667,60.39,13.16,26.45,259.1,8.63,31.77,36.31,43.97,50.26,43.74,37.26,81,116.64,0.69,9.72,14.58,35.64,
Case_196,Back,Back_196,0,-0.6,0.6,0.6,1.2,0,78.19,55.27,55.4,10.66,33.94,341.18,11.98,11.66,18.93,34.02,55.26,43.74,37.26,81,116.64,0.69,19.44,14.58,0,
Case_197,Back,Back_197,0,-0.6,0.6,0.6,1.2,0.6,67.65,50.356667,59.94,11.85,28.21,263.14,8.12,14.09,17.76,41.8,52.65,43.74,37.26,81,116.64,0.69,19.44,14.58,17.82,
Case_198,Back,Back_198,0,-0.6,0.6,0.6,1.2,1.2,61.13,42.546667,63.78,13.38,22.85,199.46,5.41,19.14,19.69,48.89,50.3,43.74,37.26,81,116.64,0.69,19.44,14.58,35.64,
Case_199,Back,Back_199,0,-0.6,0.6,1.2,0,0,76.82,55.53,53.93,10.58,35.49,472.74,20.64,22.27,52.88,16.61,39.42,43.74,37.26,81,116.64,0.69,0,14.58,0,
Case_200,Back,Back_200,0,-0.6,0.6,1.2,0,0.6,68.71,51.666667,57.59,11.71,30.7,375.32,14.85,20.82,34.73,26.57,44.32,43.74,37.26,81,116.64,0.69,0,14.58,17.82,
Case_201,Back,Back_201,0,-0.6,0.6,1.2,0,1.2,60.77,45.046667,60.54,13.35,26.11,298.17,10.89,26.19,33.68,34.18,43.95,43.74,37.26,81,116.64,0.69,0,14.58,35.64,
Case_202,Back,Back_202,0,-0.6,0.6,1.2,0.6,0,76.8,55.27,55.71,10.7,33.59,392.84,15.51,14.94,28.82,24.3,46.88,43.74,37.26,81,116.64,0.69,9.72,14.58,0,
Case_203,Back,Back_203,0,-0.6,0.6,1.2,0.6,0.6,66.17,50.356667,60.19,11.9,27.9,313.5,11.4,15.07,21.63,28.67,41.16,43.74,37.26,81,116.64,0.69,9.72,14.58,17.82,
Case_204,Back,Back_204,0,-0.6,0.6,1.2,0.6,1.2,60.8,42.546667,63.85,13.57,22.58,239.22,7.65,14.3,16.34,40.38,46.16,43.74,37.26,81,116.64,0.69,9.72,14.58,35.64,
Case_205,Back,Back_205,0,-0.6,0.6,1.2,1.2,0,74.54,49.216667,59.01,11.17,29.81,323.96,10.24,8.51,13.82,34.02,55.26,43.74,37.26,81,116.64,0.69,19.44,14.58,0,
Case_206,Back,Back_206,0,-0.6,0.6,1.2,1.2,0.6,64.2,43.643333,63.43,12.51,24.06,262.97,8.02,15.15,19.08,34.02,42.86,43.74,37.26,81,116.64,0.69,19.44,14.58,17.82,
Case_207,Back,Back_207,0,-0.6,0.6,1.2,1.2,1.2,56.82,36.71,67.34,14.38,18.28,200.52,5.26,17.58,18.08,40.56,41.73,43.74,37.26,81,116.64,0.69,19.44,14.58,35.64,
Case_208,Back,Back_208,0,-0.6,0.6,1.8,0,0,74.64,55.27,56.17,10.87,32.96,414.14,15.23,14.18,33.65,14.58,34.62,43.74,37.26,81,116.64,0.69,0,14.58,0,
Case_209,Back,Back_209,0,-0.6,0.6,1.8,0,0.6,65.88,50.356667,60.38,12.05,27.57,336.76,11.21,23.41,39.05,16.69,27.84,43.74,37.26,81,116.64,0.69,0,14.58,17.82,
Case_210,Back,Back_210,0,-0.6,0.6,1.8,0,1.2,60.05,42.546667,64.03,13.82,22.15,261.61,7.56,17.56,22.58,25.33,32.57,43.74,37.26,81,116.64,0.69,0,14.58,35.64,
Case_211,Back,Back_211,0,-0.6,0.6,1.8,0.6,0,71.71,49.216667,59.29,11.31,29.4,348.95,10.27,10.94,21.09,24.3,46.88,43.74,37.26,81,116.64,0.69,9.72,14.58,0,
Case_212,Back,Back_212,0,-0.6,0.6,1.8,0.6,0.6,63.6,43.643333,63.61,12.64,23.75,289.14,8.05,16.77,24.07,24.3,34.88,43.74,37.26,81,116.64,0.69,9.72,14.58,17.82,
Case_213,Back,Back_213,0,-0.6,0.6,1.8,0.6,1.2,55.87,36.71,67.28,14.46,18.27,225.56,5.33,18.57,21.23,27.77,31.74,43.74,37.26,81,116.64,0.69,9.72,14.58,35.64,
Case_214,Back,Back_214,0,-0.6,0.6,1.8,1.2,0,68.16,43.07,62.77,12.01,25.22,284.74,6.67,3.65,5.92,34.02,55.26,43.74,37.26,81,116.64,0.69,19.44,14.58,0,
Case_215,Back,Back_215,0,-0.6,0.6,1.8,1.2,0.6,57.67,38.9,67.04,13.58,19.38,238.5,5.26,8.75,11.02,34.02,42.86,43.74,37.26,81,116.64,0.69,19.44,14.58,17.82,
Case_216,Back,Back_216,0,-0.6,0.6,1.8,1.2,1.2,50,30.566667,70.19,15.63,14.18,188.33,3.51,13.47,13.86,34.02,35,43.74,37.26,81,116.64,0.69,19.44,14.58,35.64,
Case_217,Back,Back_217,0,-0.6,0.6,2.4,0,0,69.39,49.216667,59.73,11.34,28.93,351.19,10.06,10.94,25.96,14.58,34.62,43.74,37.26,81,116.64,0.69,0,14.58,0,
Case_218,Back,Back_218,0,-0.6,0.6,2.4,0,0.6,62.51,43.643333,63.9,12.77,23.33,293.03,7.92,16.77,27.97,14.58,24.32,43.74,37.26,81,116.64,0.69,0,14.58,17.82,
Case_219,Back,Back_219,0,-0.6,0.6,2.4,0,1.2,53.85,36.71,67.63,14.71,17.66,230.63,5.25,23.91,30.75,16.5,21.23,43.74,37.26,81,116.64,0.69,0,14.58,35.64,
Case_220,Back,Back_220,0,-0.6,0.6,2.4,0.6,0,65.23,43.07,62.98,12.17,24.85,290.07,6.54,4.46,8.59,24.3,46.88,43.74,37.26,81,116.64,0.69,9.72,14.58,0,
Case_221,Back,Back_221,0,-0.6,0.6,2.4,0.6,0.6,57.06,38.9,67.31,13.58,19.11,244.38,5.18,8.75,12.56,24.3,34.88,43.74,37.26,81,116.64,0.69,9.72,14.58,17.82,
Case_222,Back,Back_222,0,-0.6,0.6,2.4,0.6,1.2,48.13,30.566667,70.06,15.99,13.95,195.38,3.5,17.49,19.99,24.3,27.78,43.74,37.26,81,116.64,0.69,9.72,14.58,35.64,
Case_223,Back,Back_223,0,-0.6,0.6,2.4,1.2,0,59.3,37.76,66.09,13.23,20.68,239.6,4.89,0,0,34.02,55.26,43.74,37.26,81,116.64,0.69,19.44,14.58,0,
Case_224,Back,Back_224,0,-0.6,0.6,2.4,1.2,0.6,51.66,33.376667,70.04,15.03,14.93,201.92,3.72,3.56,4.49,34.02,42.86,43.74,37.26,81,116.64,0.69,19.44,14.58,17.82,
Case_225,Back,Back_225,0,-0.6,0.6,2.4,1.2,1.2,43.19,25.04,72.01,17.59,10.41,163.47,2.75,9.57,9.85,34.02,35,43.74,37.26,81,116.64,0.69,19.44,14.58,35.64,
Case_226,Back,Back_226,0,-0.6,1.2,0,0,0,85.63,51.133333,53.14,10.75,36.11,583.76,31.11,0,0,45.36,100,43.74,55.08,98.82,116.64,0.85,0,0,0,
Case_227,Back,Back_227,0,-0.6,1.2,0,0,0.6,80.56,47.2,57.24,11.92,30.83,472.46,22.82,14.58,23.08,48.6,76.92,43.74,55.08,98.82,116.64,0.85,0,0,17.82,
Case_228,Back,Back_228,0,-0.6,1.2,0,0,1.2,69.48,42.583333,60.63,13.47,25.9,372.85,15.85,32.4,40,48.6,60,43.74,55.08,98.82,116.64,0.85,0,0,35.64,
Case_229,Back,Back_229,0,-0.6,1.2,0,0.6,0,84.56,50.826667,53.94,10.88,35.18,518.67,25.65,15.34,27.86,36.86,66.91,43.74,55.08,98.82,116.64,0.85,9.72,0,0,
Case_230,Back,Back_230,0,-0.6,1.2,0,0.6,0.6,78.6,47.2,58.19,12.05,29.77,418.1,18.42,21.42,29.38,45.36,62.22,43.74,55.08,98.82,116.64,0.85,9.72,0,17.82,
Case_231,Back,Back_231,0,-0.6,1.2,0,0.6,1.2,66.35,42.276667,61.35,13.88,24.78,331.53,12.9,28.85,31.8,48.6,53.57,43.74,55.08,98.82,116.64,0.85,9.72,0,35.64,
Case_232,Back,Back_232,0,-0.6,1.2,0,1.2,0,83,49.736667,56.45,11.28,32.27,447.51,20.94,17.82,27.5,37.26,57.5,43.74,55.08,98.82,116.64,0.85,19.44,0,0,
Case_233,Back,Back_233,0,-0.6,1.2,0,1.2,0.6,76.42,44.496667,61.04,12.65,26.31,358.28,14.2,18.23,22.06,44.55,53.92,43.74,55.08,98.82,116.64,0.85,19.44,0,17.82,
Case_234,Back,Back_234,0,-0.6,1.2,0,1.2,1.2,64,38.69,64.79,14.36,20.85,277.31,9.33,16.43,16.35,53.64,53.4,43.74,55.08,98.82,116.64,0.85,19.44,0,35.64,
Case_235,Back,Back_235,0,-0.6,1.2,0.6,0,0,79.77,51.133333,53.81,11.22,34.97,444.23,24.35,1.22,2.03,55.08,91.89,43.74,55.08,98.82,116.64,0.85,0,14.58,0,
Case_236,Back,Back_236,0,-0.6,1.2,0.6,0,0.6,73.07,47.2,57.27,12.64,30.09,373.34,18.9,10.94,14.06,63.18,81.25,43.74,55.08,98.82,116.64,0.85,0,14.58,17.82,
Case_237,Back,Back_237,0,-0.6,1.2,0.6,0,1.2,63.4,42.583333,60.16,14.54,25.31,296.97,13.13,27.54,28.81,63.18,66.1,43.74,55.08,98.82,116.64,0.85,0,14.58,35.64,
Case_238,Back,Back_238,0,-0.6,1.2,0.6,0.6,0,79.61,50.826667,54.34,11.31,34.35,389.24,19.64,14.58,20.93,48.2,69.19,43.74,55.08,98.82,116.64,0.85,9.72,14.58,0,
Case_239,Back,Back_239,0,-0.6,1.2,0.6,0.6,0.6,73.36,47.2,58.18,12.63,29.19,321.71,14.59,17.41,19.91,59.94,68.52,43.74,55.08,98.82,116.64,0.85,9.72,14.58,17.82,
Case_240,Back,Back_240,0,-0.6,1.2,0.6,0.6,1.2,63.17,42.276667,61.08,14.55,24.37,257.81,10.33,26.78,25.43,63.18,60,43.74,55.08,98.82,116.64,0.85,9.72,14.58,35.64,
Case_241,Back,Back_241,0,-0.6,1.2,0.6,1.2,0,78.99,49.736667,56.57,11.73,31.7,325.74,15.38,19.84,25,46.17,58.16,43.74,55.08,98.82,116.64,0.85,19.44,14.58,0,
Case_242,Back,Back_242,0,-0.6,1.2,0.6,1.2,0.6,71.55,44.496667,61.01,13.17,25.82,262.34,10.62,14.58,15,59.13,60.83,43.74,55.08,98.82,116.64,0.85,19.44,14.58,17.82,
Case_243,Back,Back_243,0,-0.6,1.2,0.6,1.2,1.2,62.1,38.69,64.58,14.95,20.47,204.14,6.83,17.91,15.57,66.33,57.67,43.74,55.08,98.82,116.64,0.85,19.44,14.58,35.64,
Case_244,Back,Back_244,0,-0.6,1.2,1.2,0,0,78.92,50.826667,54.84,11.48,33.68,410.41,21.35,17.73,29.58,32.81,54.73,43.74,55.08,98.82,116.64,0.85,0,14.58,0,
Case_245,Back,Back_245,0,-0.6,1.2,1.2,0,0.6,69.88,46.94,58.33,13.01,28.65,341.27,16.21,21.06,27.08,42.93,55.21,43.74,55.08,98.82,116.64,0.85,0,14.58,17.82,
Case_246,Back,Back_246,0,-0.6,1.2,1.2,0,1.2,60.52,42.276667,61.12,14.66,24.22,276.87,11.68,19.67,20.57,53.46,55.93,43.74,55.08,98.82,116.64,0.85,0,14.58,35.64,
Case_247,Back,Back_247,0,-0.6,1.2,1.2,0.6,0,79.04,49.736667,56.97,11.76,31.27,352.19,17.35,21.06,30.23,35.24,50.58,43.74,55.08,98.82,116.64,0.85,9.72,14.58,0,
Case_248,Back,Back_248,0,-0.6,1.2,1.2,0.6,0.6,70.08,44.496667,61.38,13.12,25.5,287.21,12.5,16.04,18.33,44.31,50.65,43.74,55.08,98.82,116.64,0.85,9.72,14.58,17.82,
Case_249,Back,Back_249,0,-0.6,1.2,1.2,0.6,1.2,59.86,38.69,64.44,15.36,20.2,225.32,8.24,12.38,11.75,58.5,55.55,43.74,55.08,98.82,116.64,0.85,9.72,14.58,35.64,
Case_250,Back,Back_250,0,-0.6,1.2,1.2,1.2,0,76.19,46.16,59.93,12.18,27.89,299.14,13.66,18.23,22.96,37.67,47.45,43.74,55.08,98.82,116.64,0.85,19.44,14.58,0,
Case_251,Back,Back_251,0,-0.6,1.2,1.2,1.2,0.6,67.18,38.69,64.56,13.99,21.45,246.05,9.84,24.87,25.58,45.2,46.5,43.74,55.08,98.82,116.64,0.85,19.44,14.58,17.82,
Case_252,Back,Back_252,0,-0.6,1.2,1.2,1.2,1.2,54.84,28.836667,67.74,16.25,16.01,186.42,5.76,16.48,14.33,58.67,51.01,43.74,55.08,98.82,116.64,0.85,19.44,14.58,35.64,
Case_253,Back,Back_253,0,-0.6,1.2,1.8,0,0,76.61,49.736667,57.45,11.91,30.64,371.37,17.2,27.99,46.7,21.87,36.49,43.74,55.08,98.82,116.64,0.85,0,14.58,0,
Case_254,Back,Back_254,0,-0.6,1.2,1.8,0,0.6,68.33,44.496667,61.72,13.55,24.73,307.85,12.56,25.76,33.13,30.7,39.48,43.74,55.08,98.82,116.64,0.85,0,14.58,17.82,
Case_255,Back,Back_255,0,-0.6,1.2,1.8,0,1.2,58.52,38.69,64.8,15.51,19.69,244.4,8.33,12.94,13.54,45.16,47.25,43.74,55.08,98.82,116.64,0.85,0,14.58,35.64,
Case_256,Back,Back_256,0,-0.6,1.2,1.8,0.6,0,75.35,46.16,60.17,12.31,27.52,322.06,13.74,21.87,31.4,27.95,40.12,43.74,55.08,98.82,116.64,0.85,9.72,14.58,0,
Case_257,Back,Back_257,0,-0.6,1.2,1.8,0.6,0.6,64.66,38.69,64.71,14.08,21.21,269.04,10.02,29.08,33.24,32.24,36.85,43.74,55.08,98.82,116.64,0.85,9.72,14.58,17.82,
Case_258,Back,Back_258,0,-0.6,1.2,1.8,0.6,1.2,53.42,28.836667,67.78,16.39,15.83,208.23,5.88,17.27,16.4,45.11,42.84,43.74,55.08,98.82,116.64,0.85,9.72,14.58,35.64,
Case_259,Back,Back_259,0,-0.6,1.2,1.8,1.2,0,72.29,41.393333,63.31,13.14,23.55,270.89,10.12,24.71,31.12,34.02,42.86,43.74,55.08,98.82,116.64,0.85,19.44,14.58,0,
Case_260,Back,Back_260,0,-0.6,1.2,1.8,1.2,0.6,59.25,36.776667,67.27,15.05,17.69,229.19,7.44,20.9,21.5,38.23,39.33,43.74,55.08,98.82,116.64,0.85,19.44,14.58,17.82,
Case_261,Back,Back_261,0,-0.6,1.2,1.8,1.2,1.2,47.28,22.72,69.58,18.01,12.41,178.41,4.22,23.55,20.47,45.68,39.72,43.74,55.08,98.82,116.64,0.85,19.44,14.58,35.64,
Case_262,Back,Back_262,0,-0.6,1.2,2.4,0,0,73.87,46.16,60.77,12.45,26.78,322.99,13.45,21.87,36.49,18.23,30.41,43.74,55.08,98.82,116.64,0.85,0,14.58,0,
Case_263,Back,Back_263,0,-0.6,1.2,2.4,0,0.6,63.3,38.69,64.82,14.37,20.81,272.7,9.86,35.44,45.58,20.09,25.83,43.74,55.08,98.82,116.64,0.85,0,14.58,17.82,
Case_264,Back,Back_264,0,-0.6,1.2,2.4,0,1.2,52.16,28.836667,67.68,16.93,15.39,212.39,5.82,26.48,27.7,29.99,31.37,43.74,55.08,98.82,116.64,0.85,0,14.58,35.64,
Case_265,Back,Back_265,0,-0.6,1.2,2.4,0.6,0,71.15,41.133333,63.67,13.4,22.93,275.34,10,22.28,31.98,24.3,34.88,43.74,55.08,98.82,116.64,0.85,9.72,14.58,0,
Case_266,Back,Back_266,0,-0.6,1.2,2.4,0.6,0.6,58.71,36.776667,67.36,15.35,17.29,234.59,7.38,23.73,27.13,26.89,30.74,43.74,55.08,98.82,116.64,0.85,9.72,14.58,17.82,
Case_267,Back,Back_267,0,-0.6,1.2,2.4,0.6,1.2,46.26,22.72,69.48,18.24,12.28,184.16,4.19,25.92,24.62,32.69,31.04,43.74,55.08,98.82,116.64,0.85,9.72,14.58,35.64,
Case_268,Back,Back_268,0,-0.6,1.2,2.4,1.2,0,65.2,37.343333,66.72,14.48,18.8,233.87,7.86,18.23,22.96,34.02,42.86,43.74,55.08,98.82,116.64,0.85,19.44,14.58,0,
Case_269,Back,Back_269,0,-0.6,1.2,2.4,1.2,0.6,52.47,25.26,69.23,16.99,13.78,198.82,5.8,24.06,24.75,34.02,35,43.74,55.08,98.82,116.64,0.85,19.44,14.58,17.82,
Case_270,Back,Back_270,0,-0.6,1.2,2.4,1.2,1.2,40.72,18.01,70.33,20.17,9.49,158.68,3.62,19.05,16.56,36.1,31.38,43.74,55.08,98.82,116.64,0.85,19.44,14.58,35.64,
Case_271,Base,Base_Case,0,0,0,0,0,0,93.52,58.33,50.49,9.24,40.27,908.47,34.96,0,0,9.72,100,43.74,9.72,53.46,116.64,0.46,0,0,0,0
Case_272,Fixed_Section,FixedSection_001,0,0,0,0,0,0.6,86.42,56.48,54.54,10.01,35.44,693.1,23.01,17.82,64.71,9.72,35.29,43.74,9.72,53.46,116.64,0.46,0,0,17.82,17.82
Case_273,Fixed_Section,FixedSection_002,0,0,0,0,0,1.2,77.16,50.93,59.31,10.95,29.74,507.1,16.62,38.88,85.71,6.48,14.29,43.74,9.72,53.46,116.64,0.46,0,0,35.64,
Case_274,Fixed_Section,FixedSection_003,0,0,0,0,0.6,0,91.67,58.33,51.07,9.39,39.55,775.11,24.23,9.72,50,9.72,50,43.74,9.72,53.46,116.64,0.46,9.72,0,0,
Case_275,Fixed_Section,FixedSection_004,0,0,0,0,0.6,0.6,83.02,56.48,55.12,10.11,34.78,604.34,17.1,25.31,67.93,9.72,26.09,43.74,9.72,53.46,116.64,0.46,9.72,0,17.82,
Case_276,Fixed_Section,FixedSection_005,0,0,0,0,0.6,1.2,73.77,50.93,59.87,11.16,28.96,445.1,12.49,43.03,78.13,3.24,5.88,43.74,9.72,53.46,116.64,0.46,9.72,0,35.64,
Case_277,Fixed_Section,FixedSection_006,0,0,0,0,1.2,0,89.2,58.33,53.27,9.57,37.15,635.32,15.91,0,0,19.44,66.67,43.74,9.72,53.46,116.64,0.46,19.44,0,0,
Case_278,Fixed_Section,FixedSection_007,0,0,0,0,1.2,0.6,82.1,56.48,57.75,10.46,31.79,503.68,12.1,10.77,22.92,19.44,41.38,43.74,9.72,53.46,116.64,0.46,19.44,0,17.82,
Case_279,Fixed_Section,FixedSection_008,0,0,0,0,1.2,1.2,70.37,49.07,62.66,11.55,25.79,373.53,8.97,23.19,35.78,12.96,20,43.74,9.72,53.46,116.64,0.46,19.44,0,35.64,
Case_280,Fixed_Section,FixedSection_009,0,0,0,0.6,0,0,80.56,58.33,52.17,9.7,38.14,624.53,20.24,9.72,40,14.58,60,43.74,9.72,53.46,116.64,0.46,0,14.58,0,
Case_281,Fixed_Section,FixedSection_010,0,0,0,0.6,0,0.6,72.84,56.48,56.02,10.58,33.39,492.14,14.75,21.6,51.28,14.58,34.62,43.74,9.72,53.46,116.64,0.46,0,14.58,17.82,
Case_282,Fixed_Section,FixedSection_011,0,0,0,0.6,0,1.2,66.36,50.93,60.09,11.83,28.08,360.03,10.7,31.72,52.93,14.58,24.32,43.74,9.72,53.46,116.64,0.46,0,14.58,35.64,
Case_283,Fixed_Section,FixedSection_012,0,0,0,0.6,0.6,0,79.63,58.33,53.65,9.92,36.43,495.8,12.98,0,0,24.3,71.43,43.74,9.72,53.46,116.64,0.46,9.72,14.58,0,
Case_284,Fixed_Section,FixedSection_013,0,0,0,0.6,0.6,0.6,71.3,56.48,58.04,10.71,31.24,398.47,10.24,6.31,12.17,24.3,46.88,43.74,9.72,53.46,116.64,0.46,9.72,14.58,17.82,
Case_285,Fixed_Section,FixedSection_014,0,0,0,0.6,0.6,1.2,66.67,49.07,62.67,12.06,25.27,293.73,7.58,15.59,22.38,24.3,34.88,43.74,9.72,53.46,116.64,0.46,9.72,14.58,35.64,
Case_286,Fixed_Section,FixedSection_015,0,0,0,0.6,1.2,0,80.86,54.63,57.35,10.25,32.39,401.54,8.43,0,0,34.02,77.78,43.74,9.72,53.46,116.64,0.46,19.44,14.58,0,
Case_287,Fixed_Section,FixedSection_016,0,0,0,0.6,1.2,0.6,70.06,47.22,62.04,11.19,26.76,325.16,6.66,0,0,34.02,55.26,43.74,9.72,53.46,116.64,0.46,19.44,14.58,17.82,
Case_288,Fixed_Section,FixedSection_017,0,0,0,0.6,1.2,1.2,63.27,41.67,66.68,12.66,20.67,242.77,5.03,10.77,13.56,34.02,42.86,43.74,9.72,53.46,116.64,0.46,19.44,14.58,35.64,
Case_289,Fixed_Section,FixedSection_018,0,0,0,1.2,0,0,77.16,58.33,54.36,9.95,35.7,526.2,12.67,0,0,14.58,60,43.74,9.72,53.46,116.64,0.46,0,14.58,0,
Case_290,Fixed_Section,FixedSection_019,0,0,0,1.2,0,0.6,70.06,56.48,58.54,10.77,30.7,431.2,10.15,6.68,15.87,14.58,34.62,43.74,9.72,53.46,116.64,0.46,0,14.58,17.82,
Case_291,Fixed_Section,FixedSection_020,0,0,0,1.2,0,1.2,63.27,49.07,63.08,12.2,24.72,322.35,7.54,11.14,18.58,14.58,24.32,43.74,9.72,53.46,116.64,0.46,0,14.58,35.64,
Case_292,Fixed_Section,FixedSection_021,0,0,0,1.2,0.6,0,78.7,54.63,57.79,10.35,31.86,436.29,8.47,0,0,24.3,71.43,43.74,9.72,53.46,116.64,0.46,9.72,14.58,0,
Case_293,Fixed_Section,FixedSection_022,0,0,0,1.2,0.6,0.6,68.52,47.22,62.31,11.26,26.43,362.47,6.76,0,0,24.3,46.88,43.74,9.72,53.46,116.64,0.46,9.72,14.58,17.82,
Case_294,Fixed_Section,FixedSection_023,0,0,0,1.2,0.6,1.2,60.19,41.67,66.92,12.81,20.27,273.34,5.15,6.31,9.06,24.3,34.88,43.74,9.72,53.46,116.64,0.46,9.72,14.58,35.64,
Case_295,Fixed_Section,FixedSection_024,0,0,0,1.2,1.2,0,71.6,48.15,61.36,10.95,27.69,356.3,6.94,0,0,34.02,77.78,43.74,9.72,53.46,116.64,0.46,19.44,14.58,0,
Case_296,Fixed_Section,FixedSection_025,0,0,0,1.2,1.2,0.6,62.35,41.67,65.95,12.28,21.78,295.42,5.48,0,0,34.02,55.26,43.74,9.72,53.46,116.64,0.46,19.44,14.58,17.82,
Case_297,Fixed_Section,FixedSection_026,0,0,0,1.2,1.2,1.2,55.86,34.26,70.47,13.88,15.65,224.7,4.16,0,0,34.02,42.86,43.74,9.72,53.46,116.64,0.46,19.44,14.58,35.64,
Case_298,Fixed_Section,FixedSection_027,0,0,0,1.8,0,0,74.07,54.63,58.37,10.45,31.18,453.31,8.11,0,0,14.58,60,43.74,9.72,53.46,116.64,0.46,0,14.58,0,
Case_299,Fixed_Section,FixedSection_028,0,0,0,1.8,0,0.6,67.28,47.22,62.7,11.45,25.85,380.05,6.5,0,0,14.58,34.62,43.74,9.72,53.46,116.64,0.46,0,14.58,17.82,
Case_300,Fixed_Section,FixedSection_029,0,0,0,1.8,0,1.2,58.95,41.67,67.08,12.9,20.02,291.46,5.01,6.68,11.15,14.58,24.32,43.74,9.72,53.46,116.64,0.46,0,14.58,35.64,
Case_301,Fixed_Section,FixedSection_030,0,0,0,1.8,0.6,0,70.06,48.15,61.72,11.16,27.12,375.09,6.73,0,0,24.3,71.43,43.74,9.72,53.46,116.64,0.46,9.72,14.58,0,
Case_302,Fixed_Section,FixedSection_031,0,0,0,1.8,0.6,0.6,61.73,41.67,66.29,12.31,21.4,315.43,5.37,0,0,24.3,46.88,43.74,9.72,53.46,116.64,0.46,9.72,14.58,17.82,
Case_303,Fixed_Section,FixedSection_032,0,0,0,1.8,0.6,1.2,54.32,34.26,70.49,14.04,15.47,245.79,4.1,0,0,24.3,34.88,43.74,9.72,53.46,116.64,0.46,9.72,14.58,35.64,
Case_304,Fixed_Section,FixedSection_033,0,0,0,1.8,1.2,0,63.89,39.81,65.3,12.04,22.66,309.66,6.02,0,0,34.02,77.78,43.74,9.72,53.46,116.64,0.46,19.44,14.58,0,
Case_305,Fixed_Section,FixedSection_034,0,0,0,1.8,1.2,0.6,56.17,37.04,69.63,13.31,17.06,260.76,4.8,0,0,34.02,55.26,43.74,9.72,53.46,116.64,0.46,19.44,14.58,17.82,
Case_306,Fixed_Section,FixedSection_035,0,0,0,1.8,1.2,1.2,48.15,28.7,73.16,15.48,11.36,205.5,3.7,0,0,34.02,42.86,43.74,9.72,53.46,116.64,0.46,19.44,14.58,35.64,
Case_307,Fixed_Section,FixedSection_036,0,0,0,2.4,0,0,66.98,48.15,62.05,11.33,26.62,372.04,6.4,0,0,14.58,60,43.74,9.72,53.46,116.64,0.46,0,14.58,0,
Case_308,Fixed_Section,FixedSection_037,0,0,0,2.4,0,0.6,60.8,41.67,66.53,12.4,21.07,313.77,5.13,0,0,14.58,34.62,43.74,9.72,53.46,116.64,0.46,0,14.58,17.82,
Case_309,Fixed_Section,FixedSection_038,0,0,0,2.4,0,1.2,52.16,34.26,70.67,14.06,15.27,245.07,3.95,0,0,14.58,24.32,43.74,9.72,53.46,116.64,0.46,0,14.58,35.64,
Case_310,Fixed_Section,FixedSection_039,0,0,0,2.4,0.6,0,61.73,39.81,65.67,12.2,22.14,307.67,5.78,0,0,24.3,71.43,43.74,9.72,53.46,116.64,0.46,9.72,14.58,0,
Case_311,Fixed_Section,FixedSection_040,0,0,0,2.4,0.6,0.6,55.25,37.04,69.93,13.55,16.52,259.95,4.61,0,0,24.3,46.88,43.74,9.72,53.46,116.64,0.46,9.72,14.58,17.82,
Case_312,Fixed_Section,FixedSection_041,0,0,0,2.4,0.6,1.2,48.15,28.7,73.26,15.6,11.14,204.87,3.57,0,0,24.3,34.88,43.74,9.72,53.46,116.64,0.46,9.72,14.58,35.64,
Case_313,Fixed_Section,FixedSection_042,0,0,0,2.4,1.2,0,56.79,33.33,68.73,13.13,18.14,262.43,5.28,0,0,34.02,77.78,43.74,9.72,53.46,116.64,0.46,19.44,14.58,0,
Case_314,Fixed_Section,FixedSection_043,0,0,0,2.4,1.2,0.6,49.69,30.56,72.82,14.67,12.51,219.83,4.19,0,0,34.02,55.26,43.74,9.72,53.46,116.64,0.46,19.44,14.58,17.82,
Case_315,Fixed_Section,FixedSection_044,0,0,0,2.4,1.2,1.2,40.74,24.07,75.01,17.06,7.92,176.96,3.26,0,0,34.02,42.86,43.74,9.72,53.46,116.64,0.46,19.44,14.58,35.64,
Case_316,Fixed_Section,FixedSection_045,0,0,0.6,0,0,0,88.07,55.5,52.09,9.83,38.08,694.02,29.79,0,0,27.54,100,43.74,27.54,71.28,116.64,0.61,0,0,0,
Case_317,Fixed_Section,FixedSection_046,0,0,0.6,0,0,0.6,81.2,51.656667,56.31,10.88,32.81,523.14,19.85,17.82,39.29,27.54,60.71,43.74,27.54,71.28,116.64,0.61,0,0,17.82,
Case_318,Fixed_Section,FixedSection_047,0,0,0.6,0,0,1.2,69.02,44.5,60.56,12.16,27.27,394.2,13.16,42.12,66.67,21.06,33.33,43.74,27.54,71.28,116.64,0.61,0,0,35.64,
Case_319,Fixed_Section,FixedSection_048,0,0,0.6,0,0.6,0,87.09,55.5,52.86,10,37.15,601.36,22.37,10.12,27.17,23.89,64.13,43.74,27.54,71.28,116.64,0.61,9.72,0,0,
Case_320,Fixed_Section,FixedSection_049,0,0,0.6,0,0.6,0.6,78.55,51.656667,56.91,11.03,32.06,459.83,15.16,22.14,40.2,27.54,50,43.74,27.54,71.28,116.64,0.61,9.72,0,17.82,
Case_321,Fixed_Section,FixedSection_050,0,0,0.6,0,0.6,1.2,67.06,44.5,61.29,12.31,26.4,349.28,10.21,42.12,57.78,17.82,24.44,43.74,27.54,71.28,116.64,0.61,9.72,0,35.64,
Case_322,Fixed_Section,FixedSection_051,0,0,0.6,0,1.2,0,85.86,54.98,55.11,10.28,34.61,499,16.17,17.41,37.07,19.85,42.24,43.74,27.54,71.28,116.64,0.61,19.44,0,0,
Case_323,Fixed_Section,FixedSection_052,0,0,0.6,0,1.2,0.6,73.78,50.096667,59.57,11.35,29.08,385.3,11.02,17.69,27.29,28.65,44.22,43.74,27.54,71.28,116.64,0.61,19.44,0,17.82,
Case_324,Fixed_Section,FixedSection_053,0,0,0.6,0,1.2,1.2,65.92,42.323333,63.89,12.85,23.26,292.01,7.36,26.53,32.11,26.33,31.86,43.74,27.54,71.28,116.64,0.61,19.44,0,35.64,
Case_325,Fixed_Section,FixedSection_054,0,0,0.6,0.6,0,0,78.54,55.5,53.63,10.48,35.89,480.41,18.96,14.67,34.83,20.57,48.82,43.74,27.54,71.28,116.64,0.61,0,14.58,0,
Case_326,Fixed_Section,FixedSection_055,0,0,0.6,0.6,0,0.6,69.45,51.656667,57.39,11.64,30.97,373.47,13.11,17.77,29.65,32.4,54.05,43.74,27.54,71.28,116.64,0.61,0,14.58,17.82,
Case_327,Fixed_Section,FixedSection_056,0,0,0.6,0.6,0,1.2,61.8,44.5,61.24,13.22,25.55,281.23,8.71,25.52,32.81,32.4,41.67,43.74,27.54,71.28,116.64,0.61,0,14.58,35.64,
Case_328,Fixed_Section,FixedSection_057,0,0,0.6,0.6,0.6,0,78.88,54.98,55.49,10.57,33.94,392.42,13.69,14.17,27.34,24.3,46.88,43.74,27.54,71.28,116.64,0.61,9.72,14.58,0,
Case_329,Fixed_Section,FixedSection_058,0,0,0.6,0.6,0.6,0.6,70.07,50.096667,59.77,11.74,28.48,304.03,9.36,13.23,18.99,34.32,49.27,43.74,27.54,71.28,116.64,0.61,9.72,14.58,17.82,
Case_330,Fixed_Section,FixedSection_059,0,0,0.6,0.6,0.6,1.2,61.66,42.323333,63.93,13.41,22.66,228.24,6.13,15.59,17.82,42.12,48.15,43.74,27.54,71.28,116.64,0.61,9.72,14.58,35.64,
Case_331,Fixed_Section,FixedSection_060,0,0,0.6,0.6,1.2,0,76.35,48.96,58.81,11.04,30.16,317.6,8.8,7.29,11.84,34.02,55.26,43.74,27.54,71.28,116.64,0.61,19.44,14.58,0,
Case_332,Fixed_Section,FixedSection_061,0,0,0.6,0.6,1.2,0.6,67.04,43.153333,63.48,12.25,24.27,250.16,6.36,17.01,21.43,34.02,42.86,43.74,27.54,71.28,116.64,0.61,19.44,14.58,17.82,
Case_333,Fixed_Section,FixedSection_062,0,0,0.6,0.6,1.2,1.2,57.66,36.516667,67.37,14.14,18.48,188.36,4.12,21.47,22.08,40.4,41.56,43.74,27.54,71.28,116.64,0.61,19.44,14.58,35.64,
Case_334,Fixed_Section,FixedSection_063,0,0,0.6,1.2,0,0,75.63,54.98,55.88,10.7,33.42,418.03,13.42,14.58,34.62,14.58,34.62,43.74,27.54,71.28,116.64,0.61,0,14.58,0,
Case_335,Fixed_Section,FixedSection_064,0,0,0.6,1.2,0,0.6,67.63,50.096667,60.17,11.92,27.91,328.67,9.25,17.69,29.5,17.55,29.28,43.74,27.54,71.28,116.64,0.61,0,14.58,17.82,
Case_336,Fixed_Section,FixedSection_065,0,0,0.6,1.2,0,1.2,60.13,42.323333,64.1,13.48,22.43,252.16,6.22,11.14,14.32,32.4,41.67,43.74,27.54,71.28,116.64,0.61,0,14.58,35.64,
Case_337,Fixed_Section,FixedSection_066,0,0,0.6,1.2,0.6,0,76.03,48.96,58.9,11.16,29.94,348.5,9,8.51,16.41,24.3,46.88,43.74,27.54,71.28,116.64,0.61,9.72,14.58,0,
Case_338,Fixed_Section,FixedSection_067,0,0,0.6,1.2,0.6,0.6,64.57,43.153333,63.42,12.43,24.15,279.78,6.52,13.67,19.62,24.3,34.88,43.74,27.54,71.28,116.64,0.61,9.72,14.58,17.82,
Case_339,Fixed_Section,FixedSection_068,0,0,0.6,1.2,0.6,1.2,57.08,36.516667,67.39,14.23,18.38,213.9,4.29,14.11,16.13,33.95,38.81,43.74,27.54,71.28,116.64,0.61,9.72,14.58,35.64,
Case_340,Fixed_Section,FixedSection_069,0,0,0.6,1.2,1.2,0,69,42.843333,62.33,11.94,25.73,283.07,6.5,3.65,5.92,34.02,55.26,43.74,27.54,71.28,116.64,0.61,19.44,14.58,0,
Case_341,Fixed_Section,FixedSection_070,0,0,0.6,1.2,1.2,0.6,60.06,38.693333,66.75,13.5,19.75,228.48,4.82,6.31,7.95,34.02,42.86,43.74,27.54,71.28,116.64,0.61,19.44,14.58,17.82,
Case_342,Fixed_Section,FixedSection_071,0,0,0.6,1.2,1.2,1.2,50.55,30.4,70.02,15.56,14.43,176.44,3.46,17.82,18.33,34.02,35,43.74,27.54,71.28,116.64,0.61,19.44,14.58,35.64,
Case_343,Fixed_Section,FixedSection_072,0,0,0.6,1.8,0,0,73.76,48.96,59.35,11.29,29.36,360.63,8.65,10.94,25.96,14.58,34.62,43.74,27.54,71.28,116.64,0.61,0,14.58,0,
Case_344,Fixed_Section,FixedSection_073,0,0,0.6,1.8,0,0.6,63.2,43.153333,63.66,12.77,23.57,294.11,6.34,16.27,27.14,14.58,24.32,43.74,27.54,71.28,116.64,0.61,0,14.58,17.82,
Case_345,Fixed_Section,FixedSection_074,0,0,0.6,1.8,0,1.2,54.59,36.516667,67.66,14.48,17.86,228.58,4.18,20.42,26.26,17.55,22.57,43.74,27.54,71.28,116.64,0.61,0,14.58,35.64,
Case_346,Fixed_Section,FixedSection_075,0,0,0.6,1.8,0.6,0,68.23,42.843333,62.61,12.04,25.35,299.88,6.36,3.65,7.03,24.3,46.88,43.74,27.54,71.28,116.64,0.61,9.72,14.58,0,
Case_347,Fixed_Section,FixedSection_076,0,0,0.6,1.8,0.6,0.6,57.77,38.693333,67,13.51,19.49,246.17,4.74,7.8,11.19,24.3,34.88,43.74,27.54,71.28,116.64,0.61,9.72,14.58,17.82,
Case_348,Fixed_Section,FixedSection_077,0,0,0.6,1.8,0.6,1.2,48.68,30.4,70.23,15.59,14.18,193.29,3.43,14.48,16.55,24.3,27.78,43.74,27.54,71.28,116.64,0.61,9.72,14.58,35.64,
Case_349,Fixed_Section,FixedSection_078,0,0,0.6,1.8,1.2,0,61.45,37.556667,65.9,12.91,21.19,249.58,5.41,0,0,34.02,55.26,43.74,27.54,71.28,116.64,0.61,19.44,14.58,0,
Case_350,Fixed_Section,FixedSection_079,0,0,0.6,1.8,1.2,0.6,53.63,33.196667,69.8,14.8,15.4,205.5,4.03,3.71,4.68,34.02,42.86,43.74,27.54,71.28,116.64,0.61,19.44,14.58,17.82,
Case_351,Fixed_Section,FixedSection_080,0,0,0.6,1.8,1.2,1.2,43.45,24.903333,72.33,17.17,10.5,162.66,3.01,6.31,6.49,34.02,35,43.74,27.54,71.28,116.64,0.61,19.44,14.58,35.64,
Case_352,Fixed_Section,FixedSection_081,0,0,0.6,2.4,0,0,65.71,42.843333,63.07,12.13,24.8,296.36,6.09,4.46,10.58,14.58,34.62,43.74,27.54,71.28,116.64,0.61,0,14.58,0,
Case_353,Fixed_Section,FixedSection_082,0,0,0.6,2.4,0,0.6,57.62,38.693333,67.36,13.67,18.97,244.39,4.55,8.91,14.86,14.58,24.32,43.74,27.54,71.28,116.64,0.61,0,14.58,17.82,
Case_354,Fixed_Section,FixedSection_083,0,0,0.6,2.4,0,1.2,47.49,30.4,70.11,15.92,13.97,192.44,3.3,15.96,20.53,14.58,18.75,43.74,27.54,71.28,116.64,0.61,0,14.58,35.64,
Case_355,Fixed_Section,FixedSection_084,0,0,0.6,2.4,0.6,0,59.89,37.556667,66.12,13.27,20.61,248.99,5.25,0,0,24.3,46.88,43.74,27.54,71.28,116.64,0.61,9.72,14.58,0,
Case_356,Fixed_Section,FixedSection_085,0,0,0.6,2.4,0.6,0.6,50.97,33.196667,69.92,14.99,15.08,205.2,3.91,3.71,5.33,24.3,34.88,43.74,27.54,71.28,116.64,0.61,9.72,14.58,17.82,
Case_357,Fixed_Section,FixedSection_086,0,0,0.6,2.4,0.6,1.2,42.82,24.903333,72.03,17.7,10.27,163.38,2.94,8.17,9.34,24.3,27.78,43.74,27.54,71.28,116.64,0.61,9.72,14.58,35.64,
Case_358,Fixed_Section,FixedSection_087,0,0,0.6,2.4,1.2,0,53.7,30.4,69.04,14.29,16.67,209.69,4.79,0,0,34.02,55.26,43.74,27.54,71.28,116.64,0.61,19.44,14.58,0,
Case_359,Fixed_Section,FixedSection_088,0,0,0.6,2.4,1.2,0.6,45.59,25.73,72.1,16.53,11.37,173.92,3.53,0,0,34.02,42.86,43.74,27.54,71.28,116.64,0.61,19.44,14.58,17.82,
Case_360,Fixed_Section,FixedSection_089,0,0,0.6,2.4,1.2,1.2,36.57,15.78,73.09,19.58,7.32,139.11,2.69,3.71,3.82,34.02,35,43.74,27.54,71.28,116.64,0.61,19.44,14.58,35.64,
Case_361,Fixed_Section,FixedSection_090,0,0,1.2,0,0,0,85.87,51.39,52.75,10.61,36.65,582.65,29.71,0,0,45.36,100,43.74,45.36,89.1,116.64,0.76,0,0,0,
Case_362,Fixed_Section,FixedSection_091,0,0,1.2,0,0,0.6,81.01,46.96,57.06,11.72,31.22,464.01,20.64,17.82,28.21,45.36,71.79,43.74,45.36,89.1,116.64,0.76,0,0,17.82,
Case_363,Fixed_Section,FixedSection_092,0,0,1.2,0,0,1.2,70.42,40.87,61.16,13.47,25.37,356.77,13.77,45.36,56,35.64,44,43.74,45.36,89.1,116.64,0.76,0,0,35.64,
Case_364,Fixed_Section,FixedSection_093,0,0,1.2,0,0.6,0,85.25,51.083333,53.45,10.78,35.77,518.25,24.36,13.36,24.26,38.48,69.85,43.74,45.36,89.1,116.64,0.76,9.72,0,0,
Case_365,Fixed_Section,FixedSection_094,0,0,1.2,0,0.6,0.6,79.42,46.96,58,11.88,30.13,416.88,17.26,21.06,28.89,45.36,62.22,43.74,45.36,89.1,116.64,0.76,9.72,0,17.82,
Case_366,Fixed_Section,FixedSection_095,0,0,1.2,0,0.6,1.2,68.66,40.87,61.81,13.6,24.58,324.02,11.49,42.12,46.43,35.64,39.29,43.74,45.36,89.1,116.64,0.76,9.72,0,35.64,
Case_367,Fixed_Section,FixedSection_096,0,0,1.2,0,1.2,0,84.47,49.74,55.86,11.13,33.01,443.99,19.4,16.2,25,38.88,60,43.74,45.36,89.1,116.64,0.76,19.44,0,0,
Case_368,Fixed_Section,FixedSection_097,0,0,1.2,0,1.2,0.6,76.77,44.786667,60.72,12.53,26.75,353.24,13.07,14.58,17.65,48.2,58.33,43.74,45.36,89.1,116.64,0.76,19.44,0,17.82,
Case_369,Fixed_Section,FixedSection_098,0,0,1.2,0,1.2,1.2,65.02,39.006667,64.93,14.26,20.8,274.78,8.68,24.3,24.19,45.36,45.16,43.74,45.36,89.1,116.64,0.76,19.44,0,35.64,
Case_370,Fixed_Section,FixedSection_099,0,0,1.2,0.6,0,0,79.4,51.083333,54.38,11.33,34.29,427.84,21.28,13.14,21.92,38.48,64.19,43.74,45.36,89.1,116.64,0.76,0,14.58,0,
Case_371,Fixed_Section,FixedSection_100,0,0,1.2,0.6,0,0.6,71.38,46.96,58.12,12.66,29.22,353.33,15.73,17.41,22.4,50.22,64.58,43.74,45.36,89.1,116.64,0.76,0,14.58,17.82,
Case_372,Fixed_Section,FixedSection_101,0,0,1.2,0.6,0,1.2,61.93,40.87,61.45,14.78,23.78,273.64,10.37,25.11,26.27,50.22,52.54,43.74,45.36,89.1,116.64,0.76,0,14.58,35.64,
Case_373,Fixed_Section,FixedSection_102,0,0,1.2,0.6,0.6,0,78.67,49.74,56.45,11.61,31.94,363.09,17.05,17.41,25,38.88,55.81,43.74,45.36,89.1,116.64,0.76,9.72,14.58,0,
Case_374,Fixed_Section,FixedSection_103,0,0,1.2,0.6,0.6,0.6,72.64,44.786667,60.82,13.09,26.08,293.67,11.84,10.94,12.5,53.06,60.65,43.74,45.36,89.1,116.64,0.76,9.72,14.58,17.82,
Case_375,Fixed_Section,FixedSection_104,0,0,1.2,0.6,0.6,1.2,61.26,39.006667,64.47,15.02,20.51,227.1,7.72,14.58,13.85,59.94,56.92,43.74,45.36,89.1,116.64,0.76,9.72,14.58,35.64,
Case_376,Fixed_Section,FixedSection_105,0,0,1.2,0.6,1.2,0,77.38,46.44,59.33,12.21,28.46,306.21,13.21,16.61,20.92,40.1,50.51,43.74,45.36,89.1,116.64,0.76,19.44,14.58,0,
Case_377,Fixed_Section,FixedSection_106,0,0,1.2,0.6,1.2,0.6,67.96,39.006667,64.23,13.77,22,248.44,9.2,24,24.69,48.6,50,43.74,45.36,89.1,116.64,0.76,19.44,14.58,17.82,
Case_378,Fixed_Section,FixedSection_107,0,0,1.2,0.6,1.2,1.2,56.25,29.206667,67.81,15.77,16.42,188.09,5.23,24.63,21.41,54.48,47.37,43.74,45.36,89.1,116.64,0.76,19.44,14.58,35.64,
Case_379,Fixed_Section,FixedSection_108,0,0,1.2,1.2,0,0,77.94,49.74,56.9,11.75,31.34,367.46,16.46,21.87,36.49,24.71,41.22,43.74,45.36,89.1,116.64,0.76,0,14.58,0,
Case_380,Fixed_Section,FixedSection_109,0,0,1.2,1.2,0,0.6,69.78,44.786667,61.46,13.36,25.18,297.48,11.37,14.58,18.75,36.05,46.35,43.74,45.36,89.1,116.64,0.76,0,14.58,17.82,
Case_381,Fixed_Section,FixedSection_110,0,0,1.2,1.2,0,1.2,59.23,39.006667,64.68,15.3,20.02,233.88,7.44,10.94,11.44,50.22,52.54,43.74,45.36,89.1,116.64,0.76,0,14.58,35.64,
Case_382,Fixed_Section,FixedSection_111,0,0,1.2,1.2,0.6,0,76.04,46.44,59.68,12.24,28.08,316,12.85,18.23,26.16,27.95,40.12,43.74,45.36,89.1,116.64,0.76,9.72,14.58,0,
Case_383,Fixed_Section,FixedSection_112,0,0,1.2,1.2,0.6,0.6,67.56,39.006667,64.37,13.93,21.71,257.46,8.88,22.68,25.93,36.55,41.78,43.74,45.36,89.1,116.64,0.76,9.72,14.58,17.82,
Case_384,Fixed_Section,FixedSection_113,0,0,1.2,1.2,0.6,1.2,55.47,29.206667,67.71,16.11,16.18,195.65,5.07,13.23,12.56,52.14,49.52,43.74,45.36,89.1,116.64,0.76,9.72,14.58,35.64,
Case_385,Fixed_Section,FixedSection_114,0,0,1.2,1.2,1.2,0,73.72,41.696667,63.12,13.05,23.82,263.34,9.88,21.06,26.53,34.02,42.86,43.74,45.36,89.1,116.64,0.76,19.44,14.58,0,
Case_386,Fixed_Section,FixedSection_115,0,0,1.2,1.2,1.2,0.6,61.7,36.843333,67.15,14.89,17.95,216.67,6.97,17.82,18.33,39.59,40.73,43.74,45.36,89.1,116.64,0.76,19.44,14.58,17.82,
Case_387,Fixed_Section,FixedSection_116,0,0,1.2,1.2,1.2,1.2,48.5,22.606667,69.84,17.53,12.63,165.81,4.1,24,20.86,48.5,42.17,43.74,45.36,89.1,116.64,0.76,19.44,14.58,35.64,
Case_388,Fixed_Section,FixedSection_117,0,0,1.2,1.8,0,0,75.31,46.44,60.22,12.31,27.47,328.01,12.78,21.87,36.49,18.23,30.41,43.74,45.36,89.1,116.64,0.76,0,14.58,0,
Case_389,Fixed_Section,FixedSection_118,0,0,1.2,1.8,0,0.6,66.96,39.006667,64.74,14.15,21.11,272.15,8.8,28.15,36.2,22.38,28.78,43.74,45.36,89.1,116.64,0.76,0,14.58,17.82,
Case_390,Fixed_Section,FixedSection_119,0,0,1.2,1.8,0,1.2,52.18,29.206667,67.7,16.58,15.73,209.33,5.04,16.2,16.95,36.86,38.56,43.74,45.36,89.1,116.64,0.76,0,14.58,35.64,
Case_391,Fixed_Section,FixedSection_120,0,0,1.2,1.8,0.6,0,71.99,41.176667,63.33,13.27,23.39,279.15,9.88,25.11,36.05,24.3,34.88,43.74,45.36,89.1,116.64,0.76,9.72,14.58,0,
Case_392,Fixed_Section,FixedSection_121,0,0,1.2,1.8,0.6,0.6,60.08,36.843333,67.39,15.12,17.49,233.23,7.02,21.87,25,27.64,31.6,43.74,45.36,89.1,116.64,0.76,9.72,14.58,17.82,
Case_393,Fixed_Section,FixedSection_122,0,0,1.2,1.8,0.6,1.2,47.23,22.606667,69.67,17.84,12.49,181.45,4.16,22.85,21.7,36.55,34.71,43.74,45.36,89.1,116.64,0.76,9.72,14.58,35.64,
Case_394,Fixed_Section,FixedSection_123,0,0,1.2,1.8,1.2,0,67.06,37.666667,66.4,14.33,19.27,237.23,7.8,18.23,22.96,34.02,42.86,43.74,45.36,89.1,116.64,0.76,19.44,14.58,0,
Case_395,Fixed_Section,FixedSection_124,0,0,1.2,1.8,1.2,0.6,54.58,25.386667,69.55,16.32,14.13,198.74,5.57,18.53,19.06,34.02,35,43.74,45.36,89.1,116.64,0.76,19.44,14.58,17.82,
Case_396,Fixed_Section,FixedSection_125,0,0,1.2,1.8,1.2,1.2,41.99,18.166667,70.69,19.69,9.62,156.33,3.58,18.7,16.26,40.33,35.06,43.74,45.36,89.1,116.64,0.76,19.44,14.58,35.64,
Case_397,Fixed_Section,FixedSection_126,0,0,1.2,2.4,0,0,70.57,41.176667,63.74,13.3,22.96,276.71,9.6,22.68,37.84,14.58,24.32,43.74,45.36,89.1,116.64,0.76,0,14.58,0,
Case_398,Fixed_Section,FixedSection_127,0,0,1.2,2.4,0,0.6,58.26,36.843333,67.29,15.45,17.26,231.89,6.87,24.81,31.9,16.81,21.61,43.74,45.36,89.1,116.64,0.76,0,14.58,17.82,
Case_399,Fixed_Section,FixedSection_128,0,0,1.2,2.4,0,1.2,46.6,22.606667,69.58,18.26,12.16,181.5,4.07,26.53,27.75,22.38,23.41,43.74,45.36,89.1,116.64,0.76,0,14.58,35.64,
Case_400,Fixed_Section,FixedSection_129,0,0,1.2,2.4,0.6,0,67.39,37.153333,66.52,14.48,19,237.92,7.65,18.23,26.16,24.3,34.88,43.74,45.36,89.1,116.64,0.76,9.72,14.58,0,
Case_401,Fixed_Section,FixedSection_130,0,0,1.2,2.4,0.6,0.6,51.82,25.386667,69.41,16.81,13.77,200.3,5.47,22.82,26.08,24.3,27.78,43.74,45.36,89.1,116.64,0.76,9.72,14.58,17.82,
Case_402,Fixed_Section,FixedSection_131,0,0,1.2,2.4,0.6,1.2,39.78,18.166667,70.38,20.12,9.51,158.22,3.51,20.05,19.04,27.64,26.25,43.74,45.36,89.1,116.64,0.76,9.72,14.58,35.64,
Case_403,Fixed_Section,FixedSection_132,0,0,1.2,2.4,1.2,0,57.65,27.866667,68.86,15.87,15.27,204.34,6.23,14.18,17.86,34.02,42.86,43.74,45.36,89.1,116.64,0.76,19.44,14.58,0,
Case_404,Fixed_Section,FixedSection_133,0,0,1.2,2.4,1.2,0.6,46.9,17.646667,70.82,18.63,10.54,172.39,4.5,16.54,17.01,34.02,35,43.74,45.36,89.1,116.64,0.76,19.44,14.58,17.82,
Case_405,Fixed_Section,FixedSection_134,0,0,1.2,2.4,1.2,1.2,34.18,12.49,70.78,22.23,6.99,136.91,3.01,17.82,15.49,34.02,29.58,43.74,45.36,89.1,116.64,0.76,19.44,14.58,35.64,
Case_406,Front,Front_001,0,0.6,0,0,0,0,93.52,58.33,50.68,9.24,40.08,671.69,22.09,9.72,100,0,0,43.74,19.44,63.18,116.64,0.54,0,0,0,
Case_407,Front,Front_002,0,0.6,0,0,0,0.6,84.88,56.48,54.96,10.02,35.01,510.17,15.33,23.98,87.06,0,0,43.74,19.44,63.18,116.64,0.54,0,0,17.82,
Case_408,Front,Front_003,0,0.6,0,0,0,1.2,65.43,50,61.44,11.72,26.84,367.08,10.34,25.68,56.62,0,0,43.74,19.44,63.18,116.64,0.54,0,0,35.64,
Case_409,Front,Front_004,0,0.6,0,0,0.6,0,91.98,58.33,52.61,9.44,37.95,551.18,14.9,0,0,9.72,50,43.74,19.44,63.18,116.64,0.54,9.72,0,0,
Case_410,Front,Front_005,0,0.6,0,0,0.6,0.6,71.6,56.48,58.55,10.73,30.72,435.69,11.29,10.69,28.7,9.72,26.09,43.74,19.44,63.18,116.64,0.54,9.72,0,17.82,
Case_411,Front,Front_006,0,0.6,0,0,0.6,1.2,63.89,49.07,63.66,12.04,24.31,318.29,8.05,29.34,53.26,1.08,1.96,43.74,19.44,63.18,116.64,0.54,9.72,0,35.64,
Case_412,Front,Front_007,0,0.6,0,0,1.2,0,80.86,54.63,58.03,10.2,31.77,462.54,10.2,0,0,19.44,66.67,43.74,19.44,63.18,116.64,0.54,19.44,0,0,
Case_413,Front,Front_008,0,0.6,0,0,1.2,0.6,79.63,47.22,61.35,10.81,27.84,369.83,7.93,5.15,10.96,19.44,41.38,43.74,19.44,63.18,116.64,0.54,19.44,0,17.82,
Case_414,Front,Front_009,0,0.6,0,0,1.2,1.2,66.36,41.67,66.53,12.01,21.46,276.01,5.94,20.57,31.75,9.72,15,43.74,19.44,63.18,116.64,0.54,19.44,0,35.64,
Case_415,Front,Front_010,0,0.6,0,0.6,0,0,73.15,58.33,55.03,10.08,34.89,431.07,12.1,0,0,14.58,60,43.74,19.44,63.18,116.64,0.54,0,14.58,0,
Case_416,Front,Front_011,0,0.6,0,0.6,0,0.6,71.6,56.48,58.24,10.67,31.09,341.65,9.29,7.13,16.92,14.58,34.62,43.74,19.44,63.18,116.64,0.54,0,14.58,17.82,
Case_417,Front,Front_012,0,0.6,0,0.6,0,1.2,61.73,49.07,63.73,12.51,23.76,246.29,6.48,18.04,30.1,14.58,24.32,43.74,19.44,63.18,116.64,0.54,0,14.58,35.64,
Case_418,Front,Front_013,0,0.6,0,0.6,0.6,0,72.84,54.63,58.38,10.44,31.18,351.83,8.18,0,0,24.3,71.43,43.74,19.44,63.18,116.64,0.54,9.72,14.58,0,
Case_419,Front,Front_014,0,0.6,0,0.6,0.6,0.6,70.99,47.22,61.44,11.24,27.32,282.18,6.41,0,0,24.3,46.88,43.74,19.44,63.18,116.64,0.54,9.72,14.58,17.82,
Case_420,Front,Front_015,0,0.6,0,0.6,0.6,1.2,63.89,41.67,66.62,12.6,20.78,209.7,4.77,10.19,14.63,24.3,34.88,43.74,19.44,63.18,116.64,0.54,9.72,14.58,35.64,
Case_421,Front,Front_016,0,0.6,0,0.6,1.2,0,66.67,48.15,62.05,11.2,26.76,279.84,6.56,0,0,34.02,77.78,43.74,19.44,63.18,116.64,0.54,19.44,14.58,0,
Case_422,Front,Front_017,0,0.6,0,0.6,1.2,0.6,66.36,41.67,65.63,11.95,22.42,224.58,5.14,0,0,34.02,55.26,43.74,19.44,63.18,116.64,0.54,19.44,14.58,17.82,
Case_423,Front,Front_018,0,0.6,0,0.6,1.2,1.2,58.95,34.26,70.39,13.47,16.14,167.74,3.82,3.88,4.88,34.02,42.86,43.74,19.44,63.18,116.64,0.54,19.44,14.58,35.64,
Case_424,Front,Front_019,0,0.6,0,1.2,0,0,71.3,54.63,58.58,10.6,30.82,384.24,7.91,0,0,14.58,60,43.74,19.44,63.18,116.64,0.54,0,14.58,0,
Case_425,Front,Front_020,0,0.6,0,1.2,0,0.6,63.89,47.22,62.82,11.59,25.59,311.6,6.24,0,0,14.58,34.62,43.74,19.44,63.18,116.64,0.54,0,14.58,17.82,
Case_426,Front,Front_021,0,0.6,0,1.2,0,1.2,61.73,41.67,66.8,12.83,20.38,232.93,4.73,3.75,6.25,14.58,24.32,43.74,19.44,63.18,116.64,0.54,0,14.58,35.64,
Case_427,Front,Front_022,0,0.6,0,1.2,0.6,0,71.6,48.15,61.25,11.04,27.71,316.77,6.68,0,0,24.3,71.43,43.74,19.44,63.18,116.64,0.54,9.72,14.58,0,
Case_428,Front,Front_023,0,0.6,0,1.2,0.6,0.6,63.27,41.67,65.66,12.19,22.16,256.85,5.24,0,0,24.3,46.88,43.74,19.44,63.18,116.64,0.54,9.72,14.58,17.82,
Case_429,Front,Front_024,0,0.6,0,1.2,0.6,1.2,55.86,34.26,70.11,13.87,16.02,193.65,3.9,0.49,0.7,24.3,34.88,43.74,19.44,63.18,116.64,0.54,9.72,14.58,35.64,
Case_430,Front,Front_025,0,0.6,0,1.2,1.2,0,65.74,39.81,64.79,11.88,23.33,257.5,5.85,0,0,34.02,77.78,43.74,19.44,63.18,116.64,0.54,19.44,14.58,0,
Case_431,Front,Front_026,0,0.6,0,1.2,1.2,0.6,58.95,37.04,69.4,13.21,17.39,209.35,4.61,0,0,34.02,55.26,43.74,19.44,63.18,116.64,0.54,19.44,14.58,17.82,
Case_432,Front,Front_027,0,0.6,0,1.2,1.2,1.2,44.44,28.7,73.04,15.82,11.15,158.24,3.46,0,0,34.02,42.86,43.74,19.44,63.18,116.64,0.54,19.44,14.58,35.64,
Case_433,Front,Front_028,0,0.6,0.6,0,0,0,88.77,55.14,52.97,9.73,37.3,538.21,20.72,15.77,57.25,11.77,42.75,43.74,37.26,81,116.64,0.69,0,0,0,
Case_434,Front,Front_029,0,0.6,0.6,0,0,0.6,81.82,51.39,57.66,10.78,31.56,400.54,13.2,27.86,61.43,10.69,23.57,43.74,37.26,81,116.64,0.69,0,0,17.82,
Case_435,Front,Front_030,0,0.6,0.6,0,0,1.2,61.76,42.68,63.74,12.89,23.37,297.2,8.71,32.62,51.62,10.15,16.07,43.74,37.26,81,116.64,0.69,0,0,35.64,
Case_436,Front,Front_031,0,0.6,0.6,0,0.6,0,80.68,55.14,56.69,10.48,32.84,451.98,15.39,14.72,39.52,12.49,33.53,43.74,37.26,81,116.64,0.69,9.72,0,0,
Case_437,Front,Front_032,0,0.6,0.6,0,0.6,0.6,68.55,51.39,61.33,11.7,26.97,345.85,10.4,18.22,33.07,20.41,37.06,43.74,37.26,81,116.64,0.69,9.72,0,17.82,
Case_438,Front,Front_033,0,0.6,0.6,0,0.6,1.2,66.91,40.81,65.4,12.64,21.96,256.82,6.82,33.38,45.79,10.15,13.93,43.74,37.26,81,116.64,0.69,9.72,0,35.64,
Case_439,Front,Front_034,0,0.6,0.6,0,1.2,0,83.7,50.16,58.85,10.66,30.49,379.15,10.67,10.69,22.76,19.44,41.38,43.74,37.26,81,116.64,0.69,19.44,0,0,
Case_440,Front,Front_035,0,0.6,0.6,0,1.2,0.6,65.74,43.3,64.75,12.28,22.97,296.17,7.44,24.97,38.54,18.23,28.13,43.74,37.26,81,116.64,0.69,19.44,0,17.82,
Case_441,Front,Front_036,0,0.6,0.6,0,1.2,1.2,63.21,36.14,68.56,13.42,18.02,223.47,5.06,31.39,37.99,16.56,20.04,43.74,37.26,81,116.64,0.69,19.44,0,35.64,
Case_442,Front,Front_037,0,0.6,0.6,0.6,0,0,71.33,55.14,57.15,10.79,32.06,348.91,12.48,10.69,25.38,14.58,34.62,43.74,37.26,81,116.64,0.69,0,14.58,0,
Case_443,Front,Front_038,0,0.6,0.6,0.6,0,0.6,70.71,51.39,60.88,11.58,27.54,270.19,8.53,14.26,23.78,25.27,42.16,43.74,37.26,81,116.64,0.69,0,14.58,17.82,
Case_444,Front,Front_039,0,0.6,0.6,0.6,0,1.2,59.2,40.81,65.85,13.96,20.19,196.88,5.38,21.15,27.2,25.26,32.49,43.74,37.26,81,116.64,0.69,0,14.58,35.64,
Case_445,Front,Front_040,0,0.6,0.6,0.6,0.6,0,77.5,50.16,59.29,10.98,29.72,286.71,8.53,7.13,13.75,24.3,46.88,43.74,37.26,81,116.64,0.69,9.72,14.58,0,
Case_446,Front,Front_041,0,0.6,0.6,0.6,0.6,0.6,66.94,43.3,64.18,12.15,23.67,225.43,6.08,18.22,26.15,25.88,37.16,43.74,37.26,81,116.64,0.69,9.72,14.58,17.82,
Case_447,Front,Front_042,0,0.6,0.6,0.6,0.6,1.2,53.3,36.14,68.79,14.62,16.59,168.39,3.96,18.6,21.26,34.48,39.42,43.74,37.26,81,116.64,0.69,9.72,14.58,35.64,
Case_448,Front,Front_043,0,0.6,0.6,0.6,1.2,0,72.5,42.36,62.91,11.79,25.3,228.3,6.2,3.56,5.79,34.02,55.26,43.74,37.26,81,116.64,0.69,19.44,14.58,0,
Case_449,Front,Front_044,0,0.6,0.6,0.6,1.2,0.6,61.98,37.69,67.91,13.17,18.92,180.34,4.5,10.69,13.47,34.02,42.86,43.74,37.26,81,116.64,0.69,19.44,14.58,17.82,
Case_450,Front,Front_045,0,0.6,0.6,0.6,1.2,1.2,47.99,28.97,70.89,16.19,12.92,136.07,3.21,29.03,29.87,28.2,29.02,43.74,37.26,81,116.64,0.69,19.44,14.58,35.64,
Case_451,Front,Front_046,0,0.6,0.6,1.2,0,0,74.72,50.16,60.07,11.13,28.8,308.35,8.33,8.32,19.74,14.58,34.62,43.74,37.26,81,116.64,0.69,0,14.58,0,
Case_452,Front,Front_047,0,0.6,0.6,1.2,0,0.6,64.48,43.3,64.63,12.43,22.94,247.19,6.01,14.26,23.78,14.58,24.32,43.74,37.26,81,116.64,0.69,0,14.58,17.82,
Case_453,Front,Front_048,0,0.6,0.6,1.2,0,1.2,57.31,36.14,68.64,14.21,17.15,189.47,3.99,14.53,18.68,24.76,31.85,43.74,37.26,81,116.64,0.69,0,14.58,35.64,
Case_454,Front,Front_049,0,0.6,0.6,1.2,0.6,0,62.28,42.36,64.06,12.22,23.72,254.2,6.28,3.56,6.88,24.3,46.88,43.74,37.26,81,116.64,0.69,9.72,14.58,0,
Case_455,Front,Front_050,0,0.6,0.6,1.2,0.6,0.6,60.43,37.69,68.04,13.36,18.6,205.51,4.61,7.13,10.23,24.3,34.88,43.74,37.26,81,116.64,0.69,9.72,14.58,17.82,
Case_456,Front,Front_051,0,0.6,0.6,1.2,0.6,1.2,51.08,28.97,71.3,15.4,13.31,158.05,3.31,16.17,18.48,26.94,30.8,43.74,37.26,81,116.64,0.69,9.72,14.58,35.64,
Case_457,Front,Front_052,0,0.6,0.6,1.2,1.2,0,64.44,36.14,66.66,12.79,20.55,209.17,5.31,0,0,34.02,55.26,43.74,37.26,81,116.64,0.69,19.44,14.58,0,
Case_458,Front,Front_053,0,0.6,0.6,1.2,1.2,0.6,50.77,32.08,71.1,15.07,13.83,168.55,3.91,3.56,4.49,34.02,42.86,43.74,37.26,81,116.64,0.69,19.44,14.58,17.82,
Case_459,Front,Front_054,0,0.6,0.6,1.2,1.2,1.2,41.42,23.05,72.63,18.06,9.31,130.26,2.91,11.7,12.04,34.02,35,43.74,37.26,81,116.64,0.69,19.44,14.58,35.64,
Case_460,Front,Front_055,0,0.6,1.2,0,0,0,86.73,50.93,53.98,10.39,35.63,472.26,22.42,16.85,37.14,28.51,62.86,43.74,55.08,98.82,116.64,0.85,0,0,0,
Case_461,Front,Front_056,0,0.6,1.2,0,0,0.6,81.79,46.3,59.14,11.6,29.26,370.4,15.19,21.42,33.9,32.08,50.77,43.74,55.08,98.82,116.64,0.85,0,0,17.82,
Case_462,Front,Front_057,0,0.6,1.2,0,0,1.2,70.37,37.96,64.16,13.29,22.55,278.48,9.23,29.67,36.63,30.91,38.17,43.74,55.08,98.82,116.64,0.85,0,0,35.64,
Case_463,Front,Front_058,0,0.6,1.2,0,0.6,0,80.25,50,57.83,11.34,30.83,410.37,18.31,13.93,25.29,31.1,56.47,43.74,55.08,98.82,116.64,0.85,9.72,0,0,
Case_464,Front,Front_059,0,0.6,1.2,0,0.6,0.6,78.4,44.44,61.84,12.07,26.1,324.27,12.5,19.98,27.41,36.07,49.48,43.74,55.08,98.82,116.64,0.85,9.72,0,17.82,
Case_465,Front,Front_060,0,0.6,1.2,0,0.6,1.2,65.43,37.04,66.61,13.9,19.5,246.29,7.65,31.25,34.44,30.75,33.89,43.74,55.08,98.82,116.64,0.85,9.72,0,35.64,
Case_466,Front,Front_061,0,0.6,1.2,0,1.2,0,82.72,46.3,59.83,11.33,28.83,353.98,14.55,16.63,25.67,30.13,46.5,43.74,55.08,98.82,116.64,0.85,19.44,0,0,
Case_467,Front,Front_062,0,0.6,1.2,0,1.2,0.6,67.59,37.96,65.86,13.42,20.72,282.37,9.85,31.1,37.65,31.1,37.65,43.74,55.08,98.82,116.64,0.85,19.44,0,17.82,
Case_468,Front,Front_063,0,0.6,1.2,0,1.2,1.2,62.35,28.7,69.79,14.69,15.51,213.52,5.85,27.04,26.92,35.26,35.11,43.74,55.08,98.82,116.64,0.85,19.44,0,35.64,
Case_469,Front,Front_064,0,0.6,1.2,0.6,0,0,79.32,50,57.7,11.38,30.92,330.7,15.83,17.5,29.19,28.84,48.11,43.74,55.08,98.82,116.64,0.85,0,14.58,0,
Case_470,Front,Front_065,0,0.6,1.2,0.6,0,0.6,65.74,44.44,62.84,13.34,23.83,267.01,11.09,14.65,18.84,43.09,55.42,43.74,55.08,98.82,116.64,0.85,0,14.58,17.82,
Case_471,Front,Front_066,0,0.6,1.2,0.6,0,1.2,60.8,37.04,66.66,14.78,18.56,200.39,6.54,18.98,19.86,45.49,47.6,43.74,55.08,98.82,116.64,0.85,0,14.58,35.64,
Case_472,Front,Front_067,0,0.6,1.2,0.6,0.6,0,75.31,46.3,61.17,12.23,26.6,282.98,12.53,14.26,20.47,33.8,48.53,43.74,55.08,98.82,116.64,0.85,9.72,14.58,0,
Case_473,Front,Front_068,0,0.6,1.2,0.6,0.6,0.6,69.75,37.96,65.47,13.38,21.15,229.01,8.78,18.61,21.28,44.89,51.32,43.74,55.08,98.82,116.64,0.85,9.72,14.58,17.82,
Case_474,Front,Front_069,0,0.6,1.2,0.6,0.6,1.2,56.48,28.7,69.46,15.46,15.08,170.82,5.02,23.25,22.08,46.08,43.76,43.74,55.08,98.82,116.64,0.85,9.72,14.58,35.64,
Case_475,Front,Front_070,0,0.6,1.2,0.6,1.2,0,69.75,39.81,64.46,13.03,22.51,234.29,9.68,18.76,23.63,36.65,46.17,43.74,55.08,98.82,116.64,0.85,19.44,14.58,0,
Case_476,Front,Front_071,0,0.6,1.2,0.6,1.2,0.6,57.1,36.11,68.46,14.96,16.58,191,6.86,23.47,24.15,39.46,40.59,43.74,55.08,98.82,116.64,0.85,19.44,14.58,17.82,
Case_477,Front,Front_072,0,0.6,1.2,0.6,1.2,1.2,51.54,21.3,71.21,16.99,11.8,143.82,4.1,42.06,36.57,32.75,28.48,43.74,55.08,98.82,116.64,0.85,19.44,14.58,35.64,
Case_478,Front,Front_073,0,0.6,1.2,1.2,0,0,77.16,46.3,61,11.97,27.02,285.44,11.93,18.61,31.05,18.14,30.27,43.74,55.08,98.82,116.64,0.85,0,14.58,0,
Case_479,Front,Front_074,0,0.6,1.2,1.2,0,0.6,66.67,37.96,65.76,13.71,20.53,232.48,8.18,21.38,27.5,28.84,37.08,43.74,55.08,98.82,116.64,0.85,0,14.58,17.82,
Case_480,Front,Front_075,0,0.6,1.2,1.2,0,1.2,50.62,28.7,68.86,16.63,14.5,176.59,4.66,11.04,11.55,45,47.08,43.74,55.08,98.82,116.64,0.85,0,14.58,35.64,
Case_481,Front,Front_076,0,0.6,1.2,1.2,0.6,0,73.46,39.81,63.94,12.8,23.25,241.33,9.33,20.2,28.99,24.3,34.88,43.74,55.08,98.82,116.64,0.85,9.72,14.58,0,
Case_482,Front,Front_077,0,0.6,1.2,1.2,0.6,0.6,55.86,36.11,68.23,15.48,16.29,197.94,6.56,15.84,18.11,32.22,36.83,43.74,55.08,98.82,116.64,0.85,9.72,14.58,17.82,
Case_483,Front,Front_078,0,0.6,1.2,1.2,0.6,1.2,45.06,21.3,70.69,18.04,11.27,151.05,3.9,18.89,17.94,42.47,40.34,43.74,55.08,98.82,116.64,0.85,9.72,14.58,35.64,
Case_484,Front,Front_079,0,0.6,1.2,1.2,1.2,0,64.2,37.04,67.4,14.48,18.12,202.83,7.52,10.69,13.47,34.02,42.86,43.74,55.08,98.82,116.64,0.85,19.44,14.58,0,
Case_485,Front,Front_080,0,0.6,1.2,1.2,1.2,0.6,57.72,25,70.76,16.02,13.23,166.53,5.27,19.03,19.57,36.38,37.43,43.74,55.08,98.82,116.64,0.85,19.44,14.58,17.82,
Case_486,Front,Front_081,0,0.6,1.2,1.2,1.2,1.2,38.27,15.74,71.08,20.29,8.63,128.1,3.34,28.11,24.44,36.64,31.86,43.74,55.08,98.82,116.64,0.85,19.44,14.58,35.64,
Case_487,Front,Front_082,0,1.2,0,0,0,0,90.12,58.33,54.17,9.7,36.13,498.75,14.81,0,100,0,0,43.74,29.16,72.9,116.64,0.63,0,0,0,
Case_488,Front,Front_083,0,1.2,0,0,0,0.6,77.47,56.48,58.67,10.51,30.83,389.66,10.96,10.69,38.82,0,0,43.74,29.16,72.9,116.64,0.63,0,0,17.82,
Case_489,Front,Front_084,0,1.2,0,0,0,1.2,66.05,48.15,64.19,11.89,23.92,280.88,8,13.07,28.81,0,0,43.74,29.16,72.9,116.64,0.63,0,0,35.64,
Case_490,Front,Front_085,0,1.2,0,0,0.6,0,87.04,54.63,57.74,10.15,32.12,419.95,10.51,0,0,9.72,50,43.74,29.16,72.9,116.64,0.63,9.72,0,0,
Case_491,Front,Front_086,0,1.2,0,0,0.6,0.6,83.33,47.22,60.69,10.68,28.63,336.63,8.27,7.13,19.13,9.72,26.09,43.74,29.16,72.9,116.64,0.63,9.72,0,17.82,
Case_492,Front,Front_087,0,1.2,0,0,0.6,1.2,70.99,40.74,66.16,11.93,21.9,248.03,6.11,20.41,37.06,0,0,43.74,29.16,72.9,116.64,0.63,9.72,0,35.64,
Case_493,Front,Front_088,0,1.2,0,0,1.2,0,77.16,48.15,61.45,10.85,27.7,350.03,8.57,9.72,33.33,9.72,33.33,43.74,29.16,72.9,116.64,0.63,19.44,0,0,
Case_494,Front,Front_089,0,1.2,0,0,1.2,0.6,74.69,41.67,64.79,11.53,23.67,282.24,6.81,9.72,20.69,9.72,20.69,43.74,29.16,72.9,116.64,0.63,19.44,0,17.82,
Case_495,Front,Front_090,0,1.2,0,0,1.2,1.2,62.96,34.26,69.73,13.03,17.24,210.77,5.06,16.49,25.44,9.72,15,43.74,29.16,72.9,116.64,0.63,19.44,0,35.64,
Case_496,Front,Front_091,0,1.2,0,0.6,0,0,80.25,54.63,56.98,10.15,32.87,316.24,8.18,0,0,14.58,60,43.74,29.16,72.9,116.64,0.63,0,14.58,0,
Case_497,Front,Front_092,0,1.2,0,0.6,0,0.6,71.3,47.22,61.51,11.16,27.33,255.82,6.59,0,0,14.58,34.62,43.74,29.16,72.9,116.64,0.63,0,14.58,17.82,
Case_498,Front,Front_093,0,1.2,0,0.6,0,1.2,58.33,40.74,67.36,13.05,19.59,186.71,4.78,10.69,17.84,14.58,24.32,43.74,29.16,72.9,116.64,0.63,0,14.58,35.64,
Case_499,Front,Front_094,0,1.2,0,0.6,0.6,0,76.85,48.15,60.51,10.86,28.64,255.44,6.83,0,0,24.3,71.43,43.74,29.16,72.9,116.64,0.63,9.72,14.58,0,
Case_500,Front,Front_095,0,1.2,0,0.6,0.6,0.6,66.36,41.67,65.09,11.97,22.94,206.51,5.49,0,0,24.3,46.88,43.74,29.16,72.9,116.64,0.63,9.72,14.58,17.82,
Case_501,Front,Front_096,0,1.2,0,0.6,0.6,1.2,52.16,34.26,70.42,14.11,15.47,154.05,4.07,7.13,10.23,24.3,34.88,43.74,29.16,72.9,116.64,0.63,9.72,14.58,35.64,
Case_502,Front,Front_097,0,1.2,0,0.6,1.2,0,62.96,39.81,65.26,11.96,22.78,201.46,5.83,9.72,22.22,24.3,55.56,43.74,29.16,72.9,116.64,0.63,19.44,14.58,0,
Case_503,Front,Front_098,0,1.2,0,0.6,1.2,0.6,60.8,37.04,68.77,12.95,18.28,162.4,4.69,9.72,15.79,24.3,39.47,43.74,29.16,72.9,116.64,0.63,19.44,14.58,17.82,
Case_504,Front,Front_099,0,1.2,0,0.6,1.2,1.2,46.3,28.7,73.08,15.54,11.38,122.44,3.56,14.58,18.37,19.44,24.49,43.74,29.16,72.9,116.64,0.63,19.44,14.58,35.64,
Case_505,Front,Front_100,0,1.2,0,1.2,0,0,73.15,48.15,61.16,10.98,27.85,282.53,6.55,0,0,14.58,60,43.74,29.16,72.9,116.64,0.63,0,14.58,0,
Case_506,Front,Front_101,0,1.2,0,1.2,0,0.6,59.57,41.67,66.21,12.5,21.29,231.2,5.33,0,0,14.58,34.62,43.74,29.16,72.9,116.64,0.63,0,14.58,17.82,
Case_507,Front,Front_102,0,1.2,0,1.2,0,1.2,51.85,34.26,70.34,14.15,15.51,173.28,4.01,0,0,14.58,24.32,43.74,29.16,72.9,116.64,0.63,0,14.58,35.64,
Case_508,Front,Front_103,0,1.2,0,1.2,0.6,0,61.42,39.81,65.32,12.08,22.6,232.86,5.93,0,0,24.3,71.43,43.74,29.16,72.9,116.64,0.63,9.72,14.58,0,
Case_509,Front,Front_104,0,1.2,0,1.2,0.6,0.6,58.02,37.04,68.82,13.19,17.99,189.22,4.8,0,0,24.3,46.88,43.74,29.16,72.9,116.64,0.63,9.72,14.58,17.82,
Case_510,Front,Front_105,0,1.2,0,1.2,0.6,1.2,45.68,28.7,72.9,15.79,11.31,144.2,3.64,0,0,24.3,34.88,43.74,29.16,72.9,116.64,0.63,9.72,14.58,35.64,
Case_511,Front,Front_106,0,1.2,0,1.2,1.2,0,55.56,33.33,68.33,13.12,18.55,194.64,5.2,9.72,22.22,24.3,55.56,43.74,29.16,72.9,116.64,0.63,19.44,14.58,0,
Case_512,Front,Front_107,0,1.2,0,1.2,1.2,0.6,48.15,30.56,72.49,14.71,12.8,157.51,4.19,9.72,15.79,24.3,39.47,43.74,29.16,72.9,116.64,0.63,19.44,14.58,17.82,
Case_513,Front,Front_108,0,1.2,0,1.2,1.2,1.2,41.05,24.07,74.87,17.17,7.96,121.28,3.21,9.72,12.24,24.3,30.61,43.74,29.16,72.9,116.64,0.63,19.44,14.58,35.64,
Case_514,Front,Front_109,0,1.2,0.6,0,0,0,88.89,55.56,54.59,9.91,35.5,417.96,15.08,10.12,36.73,5.94,21.57,43.74,46.98,90.72,116.64,0.78,0,0,0,
Case_515,Front,Front_110,0,1.2,0.6,0,0,0.6,72.84,50,61.6,11.56,26.84,316.19,10.13,18.22,40.16,6.73,14.84,43.74,46.98,90.72,116.64,0.78,0,0,17.82,
Case_516,Front,Front_111,0,1.2,0.6,0,0,1.2,70.37,40.74,65.59,12.52,21.89,231.06,6.61,29.3,46.38,6.73,10.66,43.74,46.98,90.72,116.64,0.78,0,0,35.64,
Case_517,Front,Front_112,0,1.2,0.6,0,0.6,0,87.35,50,58.08,10.4,31.52,354.02,10.89,10.69,28.7,9.72,26.09,43.74,46.98,90.72,116.64,0.78,9.72,0,0,
Case_518,Front,Front_113,0,1.2,0.6,0,0.6,0.6,77.47,43.52,63.4,11.62,24.98,275.07,7.76,27.86,50.59,6.8,12.35,43.74,46.98,90.72,116.64,0.78,9.72,0,17.82,
Case_519,Front,Front_114,0,1.2,0.6,0,0.6,1.2,64.81,35.19,68.47,13.28,18.25,205.21,5.26,27.54,37.78,7.13,9.78,43.74,46.98,90.72,116.64,0.78,9.72,0,35.64,
Case_520,Front,Front_115,0,1.2,0.6,0,1.2,0,83.02,42.59,62.19,11.24,26.57,295.15,8.2,13.02,27.71,15.92,33.9,43.74,46.98,90.72,116.64,0.78,19.44,0,0,
Case_521,Front,Front_116,0,1.2,0.6,0,1.2,0.6,60.49,37.96,68.24,13.12,18.64,231.93,6.04,24.73,38.17,11.34,17.5,43.74,46.98,90.72,116.64,0.78,19.44,0,17.82,
Case_522,Front,Front_117,0,1.2,0.6,0,1.2,1.2,50.62,28.7,71.63,15.09,13.28,175.14,4.29,35.09,42.47,6.49,7.85,43.74,46.98,90.72,116.64,0.78,19.44,0,35.64,
Case_523,Front,Front_118,0,1.2,0.6,0.6,0,0,77.47,50,59.3,10.89,29.81,263.29,8.4,7.13,16.92,14.58,34.62,43.74,46.98,90.72,116.64,0.78,0,14.58,0,
Case_524,Front,Front_119,0,1.2,0.6,0.6,0,0.6,62.96,43.52,64.76,12.6,22.64,208.32,6.14,16.63,27.75,18.14,30.27,43.74,46.98,90.72,116.64,0.78,0,14.58,17.82,
Case_525,Front,Front_120,0,1.2,0.6,0.6,0,1.2,52.47,35.19,69.01,14.79,16.19,151.17,3.95,17.82,22.92,21.71,27.92,43.74,46.98,90.72,116.64,0.78,0,14.58,35.64,
Case_526,Front,Front_121,0,1.2,0.6,0.6,0.6,0,73.15,42.59,62.65,11.68,25.67,214.31,6.42,5.15,9.93,24.3,46.88,43.74,46.98,90.72,116.64,0.78,9.72,14.58,0,
Case_527,Front,Front_122,0,1.2,0.6,0.6,0.6,0.6,56.79,37.96,67.98,13.69,18.33,170.06,4.77,10.69,15.35,24.3,34.88,43.74,46.98,90.72,116.64,0.78,9.72,14.58,17.82,
Case_528,Front,Front_123,0,1.2,0.6,0.6,0.6,1.2,52.78,28.7,71.43,14.99,13.58,126.64,3.38,32.72,37.41,16.52,18.89,43.74,46.98,90.72,116.64,0.78,9.72,14.58,35.64,
Case_529,Front,Front_124,0,1.2,0.6,0.6,1.2,0,66.36,36.11,66.23,12.61,21.17,173.05,5.42,4.89,7.95,29.52,47.96,43.74,46.98,90.72,116.64,0.78,19.44,14.58,0,
Case_530,Front,Front_125,0,1.2,0.6,0.6,1.2,0.6,56.79,32.41,70.83,14.25,14.91,137.15,4.07,13.11,16.52,28.04,35.32,43.74,46.98,90.72,116.64,0.78,19.44,14.58,17.82,
Case_531,Front,Front_126,0,1.2,0.6,0.6,1.2,1.2,42.59,23.15,73.21,17.59,9.2,103.49,2.98,33.33,34.29,14.94,15.37,43.74,46.98,90.72,116.64,0.78,19.44,14.58,35.64,
Case_532,Front,Front_127,0,1.2,0.6,1.2,0,0,69.44,42.59,63.45,11.93,24.62,232.51,6.25,3.56,8.46,14.58,34.62,43.74,46.98,90.72,116.64,0.78,0,14.58,0,
Case_533,Front,Front_128,0,1.2,0.6,1.2,0,0.6,54.32,37.96,68.44,13.73,17.84,188.81,4.72,7.13,11.89,14.58,24.32,43.74,46.98,90.72,116.64,0.78,0,14.58,17.82,
Case_534,Front,Front_129,0,1.2,0.6,1.2,0,1.2,46.91,28.7,71.17,16.05,12.78,144.27,3.35,15.84,20.37,18.14,23.33,43.74,46.98,90.72,116.64,0.78,0,14.58,35.64,
Case_535,Front,Front_130,0,1.2,0.6,1.2,0.6,0,64.51,36.11,66.45,12.8,20.76,194.46,5.43,0,0,24.3,46.88,43.74,46.98,90.72,116.64,0.78,9.72,14.58,0,
Case_536,Front,Front_131,0,1.2,0.6,1.2,0.6,0.6,55.56,32.41,70.7,14.59,14.71,157.67,4.09,3.96,5.68,24.3,34.88,43.74,46.98,90.72,116.64,0.78,9.72,14.58,17.82,
Case_537,Front,Front_132,0,1.2,0.6,1.2,0.6,1.2,45.68,23.15,73.23,17.06,9.71,121.22,3.03,10.69,12.22,24.3,27.78,43.74,46.98,90.72,116.64,0.78,9.72,14.58,35.64,
Case_538,Front,Front_133,0,1.2,0.6,1.2,1.2,0,54.01,28.7,70.1,14.35,15.55,161.3,4.82,3.74,6.07,30.28,49.19,43.74,46.98,90.72,116.64,0.78,19.44,14.58,0,
Case_539,Front,Front_134,0,1.2,0.6,1.2,1.2,0.6,45.37,24.07,73.23,16.6,10.17,130.33,3.65,4,5.04,30.42,38.32,43.74,46.98,90.72,116.64,0.78,19.44,14.58,17.82,
Case_540,Front,Front_135,0,1.2,0.6,1.2,1.2,1.2,41.36,12.96,74.58,18.55,6.87,100.86,2.7,13.29,13.68,27.85,28.66,43.74,46.98,90.72,116.64,0.78,19.44,14.58,35.64,
Case_541,Front,Front_136,0,1.2,1.2,0,0,0,85.19,49.84,56.14,10.62,33.23,382.04,17.64,13.93,30.71,21.38,47.14,43.74,64.8,108.54,116.64,0.93,0,0,0,
Case_542,Front,Front_137,0,1.2,1.2,0,0,0.6,81.76,43.62,61.83,11.82,26.35,298.25,11.59,21.38,33.85,21.38,33.85,43.74,64.8,108.54,116.64,0.93,0,0,17.82,
Case_543,Front,Front_138,0,1.2,1.2,0,0,1.2,69.99,33.33,67.2,13.5,19.3,221.97,7.19,31.68,39.11,21.38,26.4,43.74,64.8,108.54,116.64,0.93,0,0,35.64,
Case_544,Front,Front_139,0,1.2,1.2,0,0.6,0,83.64,46.42,59.32,11.2,29.49,333.82,14.25,16.63,30.2,20.41,37.06,43.74,64.8,108.54,116.64,0.93,9.72,0,0,
Case_545,Front,Front_140,0,1.2,1.2,0,0.6,0.6,77.67,38.32,64.93,12.49,22.57,265.86,9.79,31.1,42.67,21.38,29.33,43.74,64.8,108.54,116.64,0.93,9.72,0,17.82,
Case_546,Front,Front_141,0,1.2,1.2,0,0.6,1.2,56.04,26.79,70.07,15.33,14.61,198.09,5.94,27.86,30.71,21.38,23.57,43.74,64.8,108.54,116.64,0.93,9.72,0,35.64,
Case_547,Front,Front_142,0,1.2,1.2,0,1.2,0,81.17,40.19,62.94,11.98,25.07,284.01,11.25,21.06,32.5,23.33,36,43.74,64.8,108.54,116.64,0.93,19.44,0,0,
Case_548,Front,Front_143,0,1.2,1.2,0,1.2,0.6,72.02,35.82,68.21,13.52,18.27,228.45,7.88,33.88,41,20.41,24.71,43.74,64.8,108.54,116.64,0.93,19.44,0,17.82,
Case_549,Front,Front_144,0,1.2,1.2,0,1.2,1.2,56.28,21.18,71.89,15.8,12.32,173.13,4.9,37.58,37.42,21.38,21.29,43.74,64.8,108.54,116.64,0.93,19.44,0,35.64,
Case_550,Front,Front_145,0,1.2,1.2,0.6,0,0,77.78,46.42,60.38,11.8,27.81,262.38,11.95,16.24,27.09,22.5,37.54,43.74,64.8,108.54,116.64,0.93,0,14.58,0,
Case_551,Front,Front_146,0,1.2,1.2,0.6,0,0.6,70.16,38.32,65.61,13.35,21.04,213.28,8.51,17.82,22.92,35.96,46.25,43.74,64.8,108.54,116.64,0.93,0,14.58,17.82,
Case_552,Front,Front_147,0,1.2,1.2,0.6,0,1.2,50.41,26.79,69.46,16.54,14.01,155.86,4.9,21.38,22.37,35.96,37.63,43.74,64.8,108.54,116.64,0.93,0,14.58,35.64,
Case_553,Front,Front_148,0,1.2,1.2,0.6,0.6,0,75.31,40.19,63.57,12.51,23.92,220.81,9.47,17.82,25.58,27.86,40,43.74,64.8,108.54,116.64,0.93,9.72,14.58,0,
Case_554,Front,Front_149,0,1.2,1.2,0.6,0.6,0.6,59.22,35.82,68.3,15.01,16.69,180.76,6.9,19.01,21.73,34.99,40,43.74,64.8,108.54,116.64,0.93,9.72,14.58,17.82,
Case_555,Front,Front_150,0,1.2,1.2,0.6,0.6,1.2,51.92,21.18,71.37,16.79,11.84,135.47,4.2,40.82,38.77,26.24,24.92,43.74,64.8,108.54,116.64,0.93,9.72,14.58,35.64,
Case_556,Front,Front_151,0,1.2,1.2,0.6,1.2,0,67.18,36.76,67.34,14.08,18.57,184.5,7.64,24.73,31.16,25.92,32.65,43.74,64.8,108.54,116.64,0.93,19.44,14.58,0,
Case_557,Front,Front_152,0,1.2,1.2,0.6,1.2,0.6,57.89,25.24,70.7,15.62,13.68,151.17,5.56,25.92,26.67,33.05,34,43.74,64.8,108.54,116.64,0.93,19.44,14.58,17.82,
Case_558,Front,Front_153,0,1.2,1.2,0.6,1.2,1.2,45.95,15.89,72.51,18.47,9.02,114.04,3.55,47.39,41.21,20.68,17.98,43.74,64.8,108.54,116.64,0.93,19.44,14.58,35.64,
Case_559,Front,Front_154,0,1.2,1.2,1.2,0,0,73.08,40.19,64.2,12.8,23,222.96,8.99,20.59,34.35,14.58,24.32,43.74,64.8,108.54,116.64,0.93,0,14.58,0,
Case_560,Front,Front_155,0,1.2,1.2,1.2,0,0.6,56.1,35.82,68.62,15.22,16.16,183.55,6.39,17.42,22.41,22.5,28.94,43.74,64.8,108.54,116.64,0.93,0,14.58,17.82,
Case_561,Front,Front_156,0,1.2,1.2,1.2,0,1.2,45.75,21.18,70.6,18.18,11.22,139.01,3.86,17.82,18.64,35.96,37.63,43.74,64.8,108.54,116.64,0.93,0,14.58,35.64,
Case_562,Front,Front_157,0,1.2,1.2,1.2,0.6,0,69.31,36.76,67.01,13.82,19.17,189.89,7.36,10.69,15.35,24.3,34.88,43.74,64.8,108.54,116.64,0.93,9.72,14.58,0,
Case_563,Front,Front_158,0,1.2,1.2,1.2,0.6,0.6,57.61,25.24,70.56,16.09,13.35,156.64,5.28,18.18,20.78,27.5,31.44,43.74,64.8,108.54,116.64,0.93,9.72,14.58,17.82,
Case_564,Front,Front_159,0,1.2,1.2,1.2,0.6,1.2,39.16,15.89,71.33,19.86,8.81,120.03,3.38,21.29,20.22,33.1,31.44,43.74,64.8,108.54,116.64,0.93,9.72,14.58,35.64,
Case_565,Front,Front_160,0,1.2,1.2,1.2,1.2,0,57.1,28.04,69.79,15.73,14.47,161.28,6.03,16.11,20.29,27.81,35.03,43.74,64.8,108.54,116.64,0.93,19.44,14.58,0,
Case_566,Front,Front_161,0,1.2,1.2,1.2,1.2,0.6,45.13,15.89,71.74,18.62,9.64,132.87,4.36,21.67,22.3,27,27.78,43.74,64.8,108.54,116.64,0.93,19.44,14.58,17.82,
Case_567,Front,Front_162,0,1.2,1.2,1.2,1.2,1.2,37.86,11.22,72.78,20.66,6.56,102.23,2.88,25.92,22.54,33.05,28.73,43.74,64.8,108.54,116.64,0.93,19.44,14.58,35.64,
